😀	froh|fröhlich|gesicht|grinsen|haha|lachen|lol|lustig|smiley|grinsendes gesicht|cheerful|cheery|face|grin|grinning|happy|laugh|nice|smile|smiling|teeth|grinning face
😃	augen|fröhlich|gesicht|glücklich|grinsen|große|lächeln|lachen|lol|lustig|mund|offen|smiley|grinsendes gesicht mit großen augen|awesome|big|eyes|face|grin|grinning|happy|mouth|open|smile|smiling|teeth|yay|grinning face with big eyes
😄	augen|fröhlich|geschlossen|gesicht|glücklich|grinsen|lächeln|lachen|lol|lustig|mund|offen|smiley|witzig|grinsendes gesicht mit lachenden augen|eye|eyes|face|grin|grinning|happy|laugh|mouth|open|smile|smiling|grinning face with smiling eyes
😁	augen|fröhlich|gesicht|grinsen|happy|lächeln|lachen|lustig|smiley|strahlen|zähne|strahlendes gesicht mit lachenden augen|beaming|eye|eyes|face|grin|grinning|nice|smile|smiling|teeth|beaming face with smiling eyes
😆	augen|geschlossen|gesicht|grinsegesicht|grinsen|haha|hehe|hihi|lachen|lol|lustig|mund|offen|smiley|witzig|zugekniffen|zusammengekniffen|grinsegesicht mit zugekniffenen augen|closed|eyes|face|grinning|hahaha|happy|laugh|mouth|open|rofl|smile|smiling|squinting|grinning squinting face
😅	gesicht|grinsen|lächeln|lachen|lustig|mund|nervös|offen|schweiß|schweißtropfen|schwitzen|smiley|grinsendes gesicht mit schweißtropfen|cold|dejected|excited|face|grinning|mouth|nervous|open|smile|smiling|stress|stressed|sweat|grinning face with sweat
🤣	boden|gesicht|haha|hehe|lachen|lol|lustig|muahaha|rofl|smiley|tränen|wälzen|witzig|sich vor lachen auf dem boden wälzen|crying|face|floor|funny|happy|hilarious|joy|laugh|lmao|roflmao|rolling|tear|rolling on the floor laughing
😂	freude|freudentränen|fröhlich|gesicht|haha|happy|hehe|hihi|lachen|lol|lustig|muahaha|rofl|smiley|tränen|witzig|gesicht mit freudentränen|crying|face|feels|funny|hilarious|joy|laugh|lmao|roflmao|tear|face with tears of joy
🙂	gesicht|lächeln|leicht|smiley|leicht lächelndes gesicht|face|happy|slightly|smile|smiling|slightly smiling face
😉	auge|flirten|gesicht|sexy|smiley|zudrücken|zugedrückt|zukneifen|zuzwinkern|zwinkern|zwinkerndes gesicht|face|flirt|heartbreaker|slide|tease|wink|winking|winks|winking face
😊	augen|erröten|freude|freundlich|gesicht|glücklich|lächeln|lachen|rot|wangen|lächelndes gesicht mit lachenden augen|blush|eye|eyes|face|glad|satisfied|smile|smiling|smiling face with smiling eyes
😇	brav|engel|gesicht|glücklich|heiligenschein|lächeln|lieb|seelig|smiley|lächelndes gesicht mit heiligenschein|angel|angelic|angels|blessed|face|fairy|fairytale|fantasy|halo|happy|innocent|peaceful|smile|smiling|spirit|tale|smiling face with halo
🥰	3|anhimmeln|bewundern|gesicht|hdgdl|hdl|herzchen|herzen|lächeln|lieb|liebe|smiley|verknallt|verliebt|verzückt|lächelndes gesicht mit herzen|adore|crush|face|heart|hearts|ily|love|romance|smile|smiling|you|smiling face with hearts
😍	augen|gesicht|glücklich|herzen|herzförmig|lächeln|liebe|smiley|verliebt|lächelndes gesicht mit herzförmigen augen|143|bae|eye|face|feels|heart-eyes|hearts|ily|kisses|love|romance|romantic|smile|xoxo|smiling face with heart-eyes
😘	flirten|gesicht|kuss|küsschen|küssen|lieb|smiley|zuwerfen|kuss zuwerfendes gesicht|adorbs|bae|blowing|face|flirt|heart|ily|kiss|love|lover|miss|muah|romantic|smooch|xoxo|you|face blowing a kiss
😋	sich die lippen leckendes gesicht|delicious|eat|face|food|full|hungry|savor|smile|smiling|tasty|um|yum|yummy|face savoring food
😜	auge|gesicht|herausgestreckt|herausstrecken|smiley|zudrücken|zugedrückt|zunge|zwinkern|zwinkerndes gesicht mit herausgestreckter zunge|crazy|epic|eye|face|funny|joke|loopy|nutty|party|stuck-out|tongue|wacky|weirdo|wink|winking|yolo|winking face with tongue
🤪	auge|augen|gesicht|groß|irre|klein|smiley|verrückt|irres gesicht|crazy|eye|eyes|face|goofy|large|small|zany|zany face
😎	cool|gesicht|lächeln|smiley|sonnenbrille|lächelndes gesicht mit sonnenbrille|awesome|beach|bright|bro|chilling|face|rad|relaxed|shades|slay|smile|style|sunglasses|swag|win|smiling face with sunglasses
🥳	aufgeregt|feier|fest|fröhlich|geburtstag|gesicht|glückwunsch|hurra|hut|party|smiley|überraschung|partygesicht|bday|birthday|celebrate|celebration|excited|face|happy|hat|hooray|horn|partying|partying face
😏	feixen|flirten|gesicht|lächeln|mundwinkel|schief|smiley|süffisant|süffisant lächelndes gesicht|boss|dapper|face|flirt|homie|kidding|leer|shade|slick|sly|smirk|smug|snicker|suave|suspicious|swag|smirking face
😒	gesicht|langweilig|smiley|traurig|unglücklich|unzufrieden|verstimmt|verstimmtes gesicht|...|bored|face|fine|jealous|jel|jelly|pissed|smh|ugh|uhh|unamused|unhappy|weird|whatever|unamused face
😢	gesicht|smiley|träne|traurig|weinen|weinendes gesicht|awful|cry|crying|face|feels|miss|sad|tear|triste|unhappy|crying face
😭	flennen|gesicht|heulen|schluchzen|smiley|tränen|tränenfluss|traurig|weinen|heulendes gesicht|bawling|cry|crying|face|loudly|sad|sob|tear|tears|unhappy|loudly crying face
😤	erleichtert|gesicht|gewonnen|schnaubendes gesicht|anger|angry|face|feels|fume|fuming|furious|fury|mad|nose|steam|triumph|unhappy|won|face with steam from nose
😡	schmollendes gesicht|anger|angry|enraged|face|feels|mad|maddening|pouting|rage|red|shade|unhappy|upset|enraged face
🥺	anflehen|augen|betteln|bettelnd|bitte|bitten|flehend|gesicht|groß|kulleraugen|smiley|traurig|welpenaugen|bettelndes gesicht|begging|big|eyes|face|mercy|not|pleading|please|pretty|puppy|sad|why|pleading face
😱	angst|ängstlich|gesicht|munch|omg|panik|schrei|schreien|schreiend|vor angst schreiendes gesicht|epic|face|fear|fearful|scared|scream|screamer|screaming|shocked|surprised|woah|face screaming in fear
😴	dösen|einschlafen|gähnen|gesicht|gute nacht|langweilig|mittagsschlaf|müde|nickerchen|schlaf|schlafen|smiley|zzz|schlafendes gesicht|bed|bedtime|face|good|goodnight|nap|night|sleep|sleeping|tired|whatever|yawn|sleeping face
🤔	fragen|gesicht|grübeln|hm|komisch|nachdenken|nachdenklich|smiley|wundern|nachdenkendes gesicht|chin|consider|face|hmm|ponder|pondering|thinking|wondering|thinking face
🤗	drücken|gesicht|hände|smiley|umarmen|umarmung|gesicht mit umarmenden händen|face|hands|hug|hugging|open|smiling|smiling face with open hands
🤭	gesicht|haha|hand|hihi|huch|kichern|lachen|mund|rot|smiley|verlegen|wangen|verlegen kicherndes gesicht|face|giggle|giggling|mouth|oops|realization|secret|shock|sudden|surprise|whoops|face with hand over mouth
🤫	ermahnen|finger|gesicht|leise|psst|pst|ruhe|ruhig|sch|smiley|ermahnendes gesicht|face|quiet|shh|shush|shushing|shushing face
🤐	geheimnis|gesicht|halten|mund|reißverschluss|schweigen|smiley|wahren|gesicht mit reißverschlussmund|face|keep|mouth|quiet|secret|shut|zip|zipper|zipper-mouth|zipper-mouth face
😷	arzt|atemschutzmaske|bazillen|erkältet|gesicht|krank|krankheit|mund|mundschutz|schutzmaske|smiley|viren|virus|gesicht mit atemschutzmaske|cold|dentist|dermatologist|doctor|dr|face|germs|mask|medical|medicine|sick|face with medical mask
🤒	fieber|gesicht|krank|messen|smiley|thermometer|gesicht mit fieberthermometer|face|ill|sick|face with thermometer
🥵	erhitzt|fieber|fiebrig|gesicht|heiß|herausstrecken|hitze|hitzschlag|rot|schnaufen|schwitzen|smiley|zunge|schwitzendes gesicht|dying|face|feverish|heat|hot|panting|red-faced|stroke|sweating|tongue|hot face
🥶	bibbern|blau|eisig|erfrieren|frieren|frösteln|frostig|gesicht|kalt|smiley|unter null|zähne|zähneklappern|zittern|frierendes gesicht|blue|blue-faced|cold|face|freezing|frostbite|icicles|subzero|teeth|cold face
😳	augen|erröten|gesicht|groß|peinlich|rot|scham|schämen|smiley|überrascht|verlegen|wangen|errötetes gesicht mit großen augen|amazed|awkward|crazy|dazed|dead|disbelief|embarrassed|face|flushed|geez|heat|hot|impressed|jeez|what|wow|flushed face
🤯	entsetzt|explodieren|geschockt|gesicht|kopf|schock|schockiert|smiley|überwältigt|unglaublich|explodierender kopf|blown|explode|exploding|head|mind|mindblown|no|shocked|way|exploding head
🙄	augen|genervt|gesicht|meinetwegen|nerv|ohje|rollen|smiley|verdrehen|verrollen|augen verdrehendes gesicht|eyeroll|eyes|face|rolling|shade|ugh|whatever|face with rolling eyes
💩	kot|kothaufen|mist|bs|comic|doo|dung|face|fml|monster|pile|poo|poop|smelly|smh|stink|stinks|stinky|turd|pile of poo
👋	auf wiedersehen|bis später|ciao|guten tag|hallo|hand|hey|hi|tschüs|tschüss|winken|winkende hand|bye|cya|g2g|greetings|gtg|hello|later|outtie|ttfn|ttyl|wave|yo|you|waving hand
👍	daumen|daumen hoch|einverstanden|finger|gut|hand|in ordnung|jawohl|klar|klasse|like|nach oben|ok|super|top|+1|good|thumb|up|yes|thumbs up
👎	daumen|daumen runter|hand|nach unten|schlecht|-1|bad|dislike|down|good|no|nope|thumb|thumbs|thumbs down
👌	exzellent|finger|genial|hand|in ordnung|natürlich|ok|ok-zeichen|perfekt|super|awesome|bet|dope|fleek|fosho|got|gotcha|legit|okay|pinch|rad|sure|sweet|three|ok hand
✌	sieg|v|victory|victory-geste|hand|peace|victory hand
🤞	finger|gekreuzt|hand|hand mit gekreuzten fingern|cross|crossed|fingers|luck|crossed fingers
🤘	corna|finger|hand|heavy|hörner|mano cornuta|metal|metalhand|pommesgabel|rock|teufel|teufelsgruß|yeah|horns|rock-on|sign|sign of the horns
👊	absolut|bro|faust|geballt|hand|korrekt|zustimmen|geballte faust|absolutely|agree|boom|bruh|bump|clenched|correct|fist|knuckle|oncoming|pound|punch|rock|ttyl|oncoming fist
✊	erhoben|faust|hand|kampf|solidarität|erhobene faust|clenched|fist|punch|raised|solidarity|raised fist
👏	applaudieren|applaus|beifall|gratulation|großartig|gut|hand|hände|klatschen|klatschend|toll|klatschende hände|applause|approval|awesome|clap|congrats|congratulations|excited|good|great|homie|job|nice|prayed|well|yay|clapping hands
🙌	erhoben|feiern|geste|hände|handflächen|hurra|zwei|zwei erhobene handflächen|celebration|gesture|hand|hands|hooray|praise|raised|raising|raising hands
🙏	beten|betend|bitten|danke|danken|gebet|gefaltet|grüßen|handflächen|zusammengelegt|zusammengelegte handflächen|appreciate|ask|beg|blessed|bow|cmon|five|folded|gesture|hand|high|please|pray|thanks|thx|folded hands
💪	arm|bizeps|bodybuilder|bro|fitnessstudio|gewichtheben|muckies|muskeln|stark|training|angespannter bizeps|beast|bench|biceps|curls|flex|gains|gym|jacked|muscle|press|ripped|strong|weightlift|flexed biceps
👀	auge|augen|gesicht|gucken|schauen|sehen|body|eye|eyes|face|googly|look|looking|omg|peep|see|seeing
👶	baby|gesicht|jung|kind|kleinkind|locke|babies|children|goo|infant|newborn|pregnant|young
🐶	hundegesicht|adorbs|animal|dog|face|pet|puppies|puppy|dog face
🐱	katzengesicht|animal|cat|face|kitten|kitty|pet|cat face
🐭	mäusegesicht|animal|face|mouse|mouse face
🐹	gesicht|hamster|hamstergesicht|tier|animal|face|pet
🐰	hasengesicht|animal|bunny|face|pet|rabbit|rabbit face
🦊	fuchs|fuchsgesicht|gesicht|tier|animal|face|fox
🐻	bär|bärengesicht|gesicht|tier|animal|bear|face|grizzly|growl|honey
🐼	gesicht|panda|pandabär|pandagesicht|tier|animal|bamboo|face
🐨	koala|animal|australia|bear|down|face|marsupial|under
🐯	tigergesicht|animal|big|cat|face|predator|tiger|tiger face
🦁	löwe|alpha|animal|face|leo|lion|mane|order|rawr|roar|safari|strong|zodiac
🐮	gesicht|kuh|kuhgesicht|tier|animal|cow|face|farm|milk|moo|cow face
🐷	gesicht|schwein|schweinegesicht|tier|animal|bacon|face|farm|pig|pork|pig face
🐸	frosch|animal|face|frog
🐵	affengesicht|animal|banana|face|monkey|monkey face
🙈	affe|affengesicht|augen|böse|geheimnis|gemein|geste|nein|omg|sehen|tier|verboten|vergessen|verstecken|zuhalten|sich die augen zuhaltendes affengesicht|embarrassed|evil|face|forbidden|forgot|gesture|hide|monkey|no|prohibited|scared|secret|smh|watch|see-no-evil monkey
🙉	affe|affengesicht|böse|geheimnis|gemein|geste|hören|nein|ohren|tier|verboten|zuhalten|zuhören|sich die ohren zuhaltendes affengesicht|animal|ears|evil|face|forbidden|gesture|hear|listen|monkey|no|not|prohibited|secret|shh|tmi|hear-no-evil monkey
🙊	affe|affengesicht|böse|geheimnis|gemein|geste|hand|heimlich|leise|mund|nein|sagen|sprechen|still|tier|ups|verboten|zuhalten|sich den mund zuhaltendes affengesicht|animal|evil|face|forbidden|gesture|monkey|no|not|oops|prohibited|quiet|secret|speak|stealth|speak-no-evil monkey
🐔	huhn|animal|bird|chicken|ornithology
🐧	pinguin|animal|antarctica|bird|ornithology|penguin
🐦	vogel|animal|bird|ornithology
🦆	ente|animal|bird|duck|ornithology
🦅	adler|animal|bird|eagle|ornithology
🦉	eule|animal|bird|ornithology|owl|wise
🦇	fledermaus|tier|vampir|animal|bat|vampire
🐺	gesicht|tier|wolf|wolfsgesicht|animal|face
🐗	wildschwein|animal|boar|pig
🐴	pferdegesicht|animal|dressage|equine|face|farm|horse|horses|horse face
🦄	einhorn|einhorngesicht|gesicht|face|unicorn
🐝	biene|animal|bee|bumblebee|honey|honeybee|insect|nature|spring
🐛	raupe|animal|bug|garden|insect
🦋	schmetterling|butterfly|insect|pretty
🐌	schnecke|animal|escargot|garden|nature|slug|snail
🐞	marienkäfer|animal|beetle|garden|insect|lady|ladybird|ladybug|nature|lady beetle
🐢	schildkröte|tier|animal|terrapin|tortoise|turtle
🐍	schlange|schlangenträger|sternzeichen|tier|tierkreis|animal|bearer|ophiuchus|serpent|snake|zodiac
🦎	eidechse|reptil|animal|lizard|reptile
🐙	oktopus|animal|creature|ocean|octopus
🦑	tintenfisch|animal|food|mollusk|squid
🦀	krebs|cancer|crab|zodiac
🐠	fisch|tier|tropenfisch|animal|fish|fishes|tropical|tropical fish
🐟	fisch|animal|dinner|fish|fishes|fishing|pisces|zodiac
🐬	delfin|animal|beach|dolphin|flipper|ocean
🐳	blasender wal|animal|beach|face|ocean|spouting|whale|spouting whale
🐋	wal|animal|beach|ocean|whale
🦈	hai|animal|fish|shark
🐊	krokodil|animal|crocodile|zoo
🦒	giraffe|animal|spots
🐘	elefant|tier|animal|elephant
🌵	kaktus|cactus|desert|drought|nature|plant
🌲	nadelbaum|christmas|evergreen|forest|pine|tree|evergreen tree
🌳	laubbaum|deciduous|forest|green|habitat|shedding|tree|deciduous tree
🌴	palme|beach|palm|plant|tree|tropical|palm tree
🌱	junge pflanze|spross|plant|sapling|seedling|sprout|young
🌿	kräuter|herb|leaf|plant
🍀	glücksklee|4|clover|four|four-leaf|irish|leaf|lucky|plant|four leaf clover
🌷	blume|blüte|pflanze|tulpe|blossom|flower|growth|plant|tulip
🌹	blume|blüte|pflanze|rose|beauty|elegant|flower|love|plant|red|valentine
🌺	hibiskus|flower|hibiscus|plant
🌸	blume|blüte|kirschblüte|kirsche|pflanze|blossom|cherry|flower|plant|spring|springtime|cherry blossom
🌼	gelbe blüte|blossom|buttercup|dandelion|flower|plant
🌻	blume|blüte|pflanze|sonne|sonnenblume|flower|outdoors|plant|sun|sunflower
🌞	sonne mit gesicht|beach|bright|day|face|heat|shine|sun|sunny|sunshine|weather|sun with face
🌙	mondsichel|crescent|moon|ramadan|space|crescent moon
⭐	weißer mittelgroßer stern|astronomy|medium|star|stars|white
✨	funkelnde sterne|*|magic|sparkle|sparkles|star
⚡	hochspannung|danger|electric|electricity|high|lightning|nature|thunder|thunderbolt|voltage|zap|high voltage
🔥	feuer|af|burn|fire|flame|hot|lit|litaf|tool
🌈	regenbogen|wetter|gay|genderqueer|glbt|glbtq|lesbian|lgbt|lgbtq|lgbtqia|nature|pride|queer|rain|rainbow|trans|transgender|weather
☀	sonne|sonnenstrahlen|sonnig|strahlen|wetter|bright|rays|space|sun|sunny|weather
☁	wetter|wolke|wolkig|cloud|weather
❄	flocke|kalt|schnee|schneeflocke|schneien|wetter|winter|cold|snow|snowflake|weather
☃	schnee|schneemann|schneemann im schnee|cold|man|snow|snowman
🌊	meer|welle|nature|ocean|surf|surfer|surfing|water|wave|water wave
🍏	apfel|frucht|gesund|grün|grüner apfel|obst|apple|fruit|green|green apple
🍎	apfel|frucht|obst|rot|roter apfel|apple|diet|food|fruit|health|red|ripe|red apple
🍐	birne|frucht|obst|fruit|pear
🍊	apfelsine|frucht|mandarine|obst|orange|vitamin|c|citrus|fruit|nectarine|tangerine
🍋	frucht|obst|sauer|zitrone|zitrusfrucht|citrus|fruit|lemon|sour
🍌	banane|frucht|obst|schale|banana|fruit|potassium
🍉	frucht|melone|obst|wasser|wassermelone|fruit|watermelon
🍇	frucht|obst|traube|trauben|wein|dionysus|fruit|grape|grapes
🍓	beere|erdbeere|essen|frucht|obst|berry|fruit|strawberry
🍈	cantaloupe|frucht|honigmelone|melone|obst|fruit|melon
🍒	frucht|kirsche|kirschen|obst|berries|cherries|cherry|fruit|red
🍑	frucht|obst|pfirsich|fruit|peach
🥭	essen|frucht|früchte|mango|obst|shaker|tropisch|food|fruit|tropical
🍍	ananas|frucht|obst|colada|fruit|pina|pineapple|tropical
🥥	colada|essen|frucht|kokosnuss|palme|piña|coconut|palm
🥝	frucht|kiwi|obst|food|fruit|kiwi fruit
🍅	essen|gemüse|obst|tomate|food|fruit|tomato|vegetable
🍆	aubergine|gemüse|eggplant|vegetable
🥑	avocado|essen|frucht|food|fruit
🥦	broccoli|brokkoli|essen|gemüse|gemüsekohl|kohl|cabbage|wild
🥬	blattgemüse|blattgrün|essen|gemüse|grünkohl|grünzeug|kohl|kraut|mangold|pak choi|pok choi|salat|salatblatt|spinat|bok|burgers|cabbage|choy|green|kale|leafy|lettuce|salad|leafy green
🥒	essen|gemüse|gurke|scheiben|cucumber|food|pickle|vegetable
🌶	chili|paprika|peperoni|pfeffer|pflanze|scharf|hot|pepper|hot pepper
🌽	gemüse|mais|maiskolben|corn|crops|ear|farm|maize|maze|ear of corn
🥕	gemüse|karotte|möhre|mohrrübe|carrot|food|vegetable
🧄	essen|geschmack|knoblauch|lebensmittel|nahrung|würze|zutat|flavoring|garlic
🧅	essen|geschmack|gewürz|lebensmittel|nahrung|würze|zwiebel|flavoring|onion
🥔	essen|gemüse|kartoffel|food|potato|vegetable
🍠	essen|gemüse|geröstet|süßkartoffel|geröstete süßkartoffel|food|potato|roasted|sweet|roasted sweet potato
🥐	croissant|bread|breakfast|crescent|food|french|roll
🍞	brot|brotlaib|essen|kohlenhydrate|laib brot|toast|weißbrot|weizen|bread|carbs|food|grain|loaf|restaurant|wheat
🥖	baguette|brot|französisch|frühstück|bread|food|french|baguette bread
🥨	brezel|convoluted|pretzel|twisted
🧀	käse|käsestück|cheese|wedge|cheese wedge
🥚	ei|frühstück|frühstücksei|breakfast|egg|food
🍳	braten|bratpfanne|kochen|pfanne|spiegelei|spiegelei in bratpfanne|breakfast|cooking|easy|egg|fry|frying|over|pan|restaurant|side|sunny|up
🥞	crepe|eierpfannkuchen|essen|pfannkuchen|breakfast|crêpe|food|hotcake|pancake|pancakes
🥓	bacon|essen|frühstücksspeck|speck|speckstreifen|breakfast|food|meat
🥩	essen|fleisch|fleischstück|kotelett|lammkotelett|rot|schnitzel|schweinekotelett|steak|chop|cut|lambchop|meat|porkchop|red|cut of meat
🍗	fleisch|geflügel|hähnchenschenkel|hühnerbein|restaurant|bone|chicken|drumstick|hungry|leg|poultry|turkey|poultry leg
🍖	fleisch|fleischhachse|knochen|restaurant|bone|meat|meat on bone
🌭	essen|frankfurter|hot dog|hotdog|wurst|würstchen|dog|hot|sausage
🍔	burger|fast food|hamburger|restaurant|eat|fast|food|hungry
🍟	fritten|pommes|pommes frites|fast|food|french|fries|french fries
🍕	pizza|pizzastück|pizzeria|cheese|food|hungry|pepperoni|slice
🥪	sandwich|bread
🌮	essen|mexikanisch|taco|mexican
🌯	burrito|essen|mexikanisch|mexican|wrap
🥗	blattgemüse|essen|gesund|grün|salat|food|green|salad|green salad
🍝	essse|nudeln mit tomatensoße|pasta|restaurant|spaghetti|food|meatballs
🍜	chinesisches essen|dampfend|eiernudeln|nudeln|schüssel|schüssel und essstäbchen|stäbchen|suppe|bowl|chopsticks|food|noodle|pho|ramen|soup|steaming|steaming bowl
🍲	topf mit essen|food|pot|soup|stew|pot of food
🍣	japanisches gericht|restaurant|sushi|food
🍱	bento|bento-box|japanisches essen|sushi|box|food|bento box
🍤	frittierte garnele|fried|prawn|shrimp|tempura|fried shrimp
🍙	essen|japanisch|reis|reisbällchen|ball|food|japanese|rice|rice ball
🍚	essen|reis|reis in schüssel|cooked|food|rice|cooked rice
🍘	cracker|reiscracker|food|rice|rice cracker
🍢	japanisches gericht|oden|restaurant|food|kebab|seafood|skewer|stick
🍡	dango|japanisches gericht|mochi-kugeln auf einem spieß|restaurant|dessert|japanese|skewer|stick|sweet
🍧	eis|sorbet|wassereis|zerstoßen|dessert|ice|restaurant|shaved|sweet|shaved ice
🍨	eis|eisbecher|eiscreme|eisdiele|cream|dessert|food|ice|restaurant|sweet|ice cream
🍦	eis|softeis|cream|dessert|food|ice|icecream|restaurant|serve|soft|sweet|soft ice cream
🍰	kuchen|kuchenstück|stück torte|torte|tortenstück|cake|dessert|pastry|shortcake|slice|sweet
🎂	essen|feier|geburtstag|geburtstagskuchen|geburtstagstorte|happy birthday|kerzen|kuchen|lebensmittel|torte|bday|birthday|cake|celebration|dessert|happy|pastry|sweet|birthday cake
🍮	dessert|flan|nachspeise|nachtisch|pudding|schokolade|soße|custard|sweet
🍭	lolli|lutscher|süßigkeit|candy|dessert|food|lollipop|restaurant|sweet
🍬	bonbon|süß|süßigkeit|candy|cavities|dessert|halloween|restaurant|sweet|tooth|wrapper
🍫	essen|schokolade|schokoladentafel|süßigkeit|bar|candy|chocolate|dessert|halloween|sweet|tooth|chocolate bar
🍿	kino|popcorn|snack|corn|movie|pop
🧂	gesalzen|geschmack|gewürz|salz|salzig|salzstreuer|würze|zutat|condiment|flavor|mad|salt|salty|shaker|taste|upset
🥜	erdnuss|essen|food|nut|peanut|peanuts|vegetable
🍯	honig|honigtopf|süß|barrel|bear|food|honey|honeypot|jar|pot|sweet|honey pot
🥛	getränk|glas|milch|trinken|glas milch|drink|glass|milk|glass of milk
☕	cafe|dampfend|getränk|heiß|heißgetränk|kaffee|tasse|tee|trinken|beverage|caffeine|chai|coffee|drink|hot|morning|steaming|tea|hot beverage
🍵	getränk|grüner tee|oolong|schale|tee|teetasse|teetasse ohne henkel|beverage|cup|drink|handle|tea|teacup|teacup without handle
🥤	becher mit strohhalm|cup|drink|juice|malt|soda|soft|straw|water|cup with straw
🍶	sake-flasche mit tasse|bar|beverage|bottle|cup|drink|restaurant|sake
🍺	bar|bier|bierkrug|krug|oktoberfest|prost|weizenbier|alcohol|ale|beer|booze|drink|drinking|drinks|mug|octoberfest|pint|stein|summer|beer mug
🍻	anstoßen|bier|bierkrüge|oktoberfest|prosit|prost|weizen|alcohol|bar|beer|booze|bottoms|cheers|clink|clinking|drinking|drinks|mugs|clinking beer mugs
🥂	anstoßen|feier|feiern|getränk|gläser|prost|sekt|sektgläser|celebrate|clink|clinking|drink|glass|glasses|clinking glasses
🍷	alkohol|bar|glas|wein|weinglas|alcohol|beverage|booze|club|drink|drinking|drinks|glass|restaurant|wine|wine glass
🥃	bar|schnaps|trinkglas|whiskey|glass|liquor|scotch|shot|tumbler|whisky|tumbler glass
🍸	bar|cocktail|cocktailglas|drink|martini|alcohol|booze|club|drinking|drinks|glass|mad|men|cocktail glass
🍹	bar|cocktail|exotisches getränk|alcohol|booze|club|drink|drinking|drinks|drunk|mai|party|tai|tropical|tropics|tropical drink
🏀	ball|basketball|korb|sport|hoop
🏈	football|american|ball|bowl|sport|super|american football
🎾	ball|sport|tennis|tennisball|racquet
🏐	volleyball|ball|game
🏉	ball|rugby|rugbyball|sport|football|rugby football
🎱	billardkugel|8|8ball|ball|billiard|eight|game|pool|pool 8 ball
🏓	tischtennis|ball|bat|game|paddle|ping|pingpong|pong|table|tennis|ping pong
🏸	badminton|federball|schläger|birdie|game|racquet|shuttlecock
🏒	eishockey|game|hockey|ice|puck|stick|ice hockey
🏑	feldhockey|hockey|schläger|ball|field|game|stick|field hockey
🏏	ball|cricket|kricket|schläger|bat|game|cricket game
⛳	golffahne|golfplatz|flag|golf|hole|sport|flag in hole
🏹	bogen|pfeil|pfeil und bogen|archer|archery|arrow|bow|sagittarius|tool|weapon|zodiac|bow and arrow
🎣	angel mit fisch|angeln|entspannung|entertainment|fish|fishing|pole|sport|fishing pole
🥊	boxen|boxhandschuh|handschuh|sport|boxing|glove|boxing glove
🥋	judo|kampfkunst|kampfsport|kampfsportanzug|karate|taekwondo|arts|martial|uniform|martial arts uniform
🎽	laufshirt|athletics|running|sash|shirt|running shirt
🛷	schlitten|luge|sled|sledge|sleigh|snow|toboggan
⛸	eislauf|schlittschuh|ice|skate|skating|ice skate
🎿	ski|ski und stöcke|skis|snow|sport
🏂	snowboard|snowboarden|snowboarder|snowboarder(in)|snowboarderin|sport|ski|snow
🏇	pferderennen|horse|jockey|racehorse|racing|riding|sport|horse racing
🏄	surfer(in)|beach|ocean|person|sport|surf|surfer|surfing|swell|waves|person surfing
🏊	schwimmer(in)|freestyle|person|sport|swim|swimmer|swimming|triathlon|person swimming
🚣	person im ruderboot|boat|canoe|cruise|fishing|lake|oar|paddle|person|raft|river|row|rowboat|rowing|person rowing boat
🚴	radfahrer(in)|bicycle|bicyclist|bike|biking|cycle|cyclist|person|riding|sport|person biking
🚵	mountainbiker(in)|bicycle|bicyclist|bike|biking|cycle|cyclist|mountain|person|riding|sport|person mountain biking
🎪	unterhaltung|zelt|zirkus|zirkuszelt|circus|tent|circus tent
🎭	kunst|masken|theater|unterhaltung|actor|actress|art|arts|entertainment|mask|performing|theatre|thespian|performing arts
🎨	farben|kunst|künstler|mischpalette|palette|art|artist|artsy|arty|colorful|creative|entertainment|museum|painter|painting|artist palette
🎬	film|filmklappe|klappe|unterhaltung|action|board|clapper|movie|clapper board
🎤	karaoke|mikrofon|singen|unterhaltung|mic|microphone|music|sing|sound
🎧	kopfhörer|musik|unterhaltung|earbud|headphone|sound
🎼	musik|noten|notenschlüssel|partitur|violinschlüssel|music|musical|note|score|musical score
🎹	klaviatur|instrument|keyboard|music|musical|piano|musical keyboard
🥁	drumsticks|instrument|musik|schlägel|sticks|trommel|trommelstöcke|drum|music
🎷	instrument|musik|musikinstrument|saxofon|music|sax|saxophone
🎺	instrument|musik|musikinstrument|trompete|music|trumpet
🎸	gitarre|instrument|musik|musikinstrument|guitar|music|strat
🎻	geige|instrument|music|violin
🎲	spielwürfel|dice|die|entertainment|game|game die
🎯	darts|bull|bullseye|dart|direct|entertainment|game|hit|target
🎳	bowling|bowlingkugel|kugel|spiel|ball|game|sport|strike
🎮	gamepad|gaming|unterhaltung|videospiel|controller|entertainment|game|video|video game
🎰	glücksspiel|spiel|spielautomat|casino|gamble|gambling|game|machine|slot|slots|slot machine
🧩	puzzleteil|clue|interlocking|jigsaw|piece|puzzle|puzzle piece
🚗	auto|automobile|car|driving|vehicle
🚕	auto|fahrzeug|taxi|cab|cabbie|car|drive|vehicle|yellow
🚙	wohnmobil|car|drive|recreational|sport|sportutility|utility|vehicle|sport utility vehicle
🚌	bus|school|vehicle
🚎	oberleitungsbus|bus|tram|trolley|trolleybus
🏎	autorennen|rennauto|car|racing|zoom|racing car
🚓	polizei|polizeiwagen|streifenwagen|5–0|car|cops|patrol|police|police car
🚑	krankenwagen|ambulance|emergency|vehicle
🚒	brand|feuerwehrauto|löschfahrzeug|engine|fire|truck|fire engine
🚐	kleinbus|bus|drive|minibus|van|vehicle
🚚	lastwagen|lieferwagen|lkw|car|delivery|drive|truck|vehicle|delivery truck
🚛	sattelzug|articulated|car|drive|lorry|move|semi|truck|vehicle|articulated lorry
🚜	traktor|tractor|vehicle
🏍	motorrad|motorcycle|racing
🚲	fahrrad|bicycle|bike|class|cycle|cycling|cyclist|gang|ride|spin|spinning
🛴	tretroller|kick|scooter|kick scooter
🚨	polizeilicht|alarm|alert|beacon|car|emergency|light|police|revolving|siren|police car light
🚔	polizeiwagen von vorne|car|oncoming|police|oncoming police car
🚍	bus von vorne|bus|cars|oncoming|oncoming bus
🚘	auto von vorne|automobile|car|cars|drove|oncoming|vehicle|oncoming automobile
🚖	taxi von vorne|cab|cabbie|cars|drove|hail|oncoming|taxi|yellow|oncoming taxi
🚡	bergseilbahn|gondel|seilbahn|aerial|cable|car|gondola|ropeway|tramway|aerial tramway
🚠	bergschwebebahn|schwebebahn|cable|cableway|gondola|lift|mountain|ski|mountain cableway
🚟	hängebahn|schwebebahn|railway|suspension|suspension railway
🚃	eisenbahnwagen|car|electric|railway|train|tram|travel|trolleybus|railway car
🚋	straßenbahnwagen|bus|car|tram|trolley|trolleybus|tram car
🚞	bergbahn|car|mountain|railway|trip|mountain railway
🚝	einschienenbahn|monorail|vehicle
🚄	hochgeschwindigkeitszug mit spitzer nase|high-speed|railway|shinkansen|speed|train|high-speed train
🚅	hochgeschwindigkeitszug|bullet|high-speed|nose|railway|shinkansen|speed|train|travel|bullet train
🚈	s-bahn|arrived|light|monorail|rail|railway|light rail
🚂	dampflokomotive|caboose|engine|locomotive|railway|steam|train|trains|travel
🚆	zug|arrived|choo|railway|train
🚇	metro|u-bahn|subway|travel
🚊	straßenbahn|tram|trolleybus
🚉	bahnhof|railway|station|train
✈	flieger|flugzeug|aeroplane|airplane|fly|flying|jet|plane|travel
🛫	abflug|aeroplane|airplane|check-in|departure|departures|plane|airplane departure
🛬	landung eines flugzeugs|aeroplane|airplane|arrival|arrivals|arriving|landing|plane|airplane arrival
💺	sitzplatz|chair|seat
🚀	rakete|launch|rocket|rockets|space|travel
🚁	hubschrauber|copter|helicopter|roflcopter|travel|vehicle
⛵	boot|segelboot|boat|resort|sailboat|sailing|sea|yacht
🚤	schnellboot|billionaire|boat|lake|luxury|millionaire|speedboat|summer|travel
🚢	schiff|boat|passenger|ship|travel
⚓	anker|hafen|meer|anchor|ship|tool
🚧	baustellenabsperrung|barrier|construction
🚦	vertikale verkehrsampel|drove|intersection|light|signal|stop|stoplight|traffic|vertical|vertical traffic light
🚥	horizontale verkehrsampel|horizontal|intersection|light|signal|stop|stoplight|traffic|horizontal traffic light
🗺	weltkarte|map|world|world map
🗽	amerika|freiheit|freiheitsstatue|liberty|new|ny|nyc|statue|york|statue of liberty
🗼	fernsehturm|tokio|tokyo tower|tokyo|tower
🏰	schloss|building|castle|european
🏯	japanisches schloss|building|castle|japanese|japanese castle
🏟	arena|stadion|stadium
🎡	freizeitpark|rad|riesenrad|volksfest|amusement|ferris|park|theme|wheel|ferris wheel
🎢	achterbahn|freizeitpark|volksfest|amusement|coaster|park|roller|theme|roller coaster
🎠	karussellpferd|carousel|entertainment|horse|carousel horse
⛲	brunnen|garten|park|springbrunnen|fountain
🏖	meer|sonnenschirm|strand|strand mit sonnenschirm|beach|umbrella|beach with umbrella
🏝	einsame insel|desert|island|desert island
🏜	wüste|desert
🌋	vulkan|eruption|mountain|nature|volcano
⛰	berg|gebirge|mountain
🏔	schneebedeckter berg|cold|mountain|snow|snow-capped|snow-capped mountain
🏕	campen|camping|zelt|zelten
🏠	gebäude|haus|zuhause|building|country|heart|home|house|ranch|settle|simple|suburban|suburbia|where
🏡	haus mit garten|building|country|garden|heart|home|house|ranch|settle|simple|suburban|suburbia|where|house with garden
🏢	bürogebäude|hochhaus|building|city|cubical|job|office|office building
🏬	einkaufen|gebäude|geschäft|kaufhaus|shoppen|building|department|store|department store
🏥	krankenhaus|building|doctor|hospital|medicine
🏦	bank|gebäude|geld|building
🏨	gebäude|hotel|übernachten|unterkunft|building
🏫	gebäude|schule|schulgebäude|building|school
⛪	christ|christentum|christlich|gebäude|kirche|kreuz|religion|bless|chapel|christian|church|cross
🕌	islam|moschee|moslem|muslim|religion|masjid|mosque
🕍	jude|jüdisch|religion|synagoge|tempel|jew|jewish|judaism|synagogue|temple
⌚	armbanduhr|clock|time|watch
📱	mobiltelefon|cell|communication|mobile|phone|telephone|mobile phone
💻	laptop|computer|office|pc|personal
⌨	tastatur|computer|keyboard
🖥	desktopcomputer|computer|desktop|monitor|desktop computer
🖨	computer|drucker|printer
🖱	computermaus|computer|mouse|computer mouse
💽	minidisc|computer|disk|minidisk|optical|computer disk
💾	datenträger|diskette|computer|disk|floppy|floppy disk
💿	blu-ray|cd|dvd|computer|disk|optical|optical disk
📷	fotoapparat|fotos|kamera|camera|photo|selfie|snap|tbt|trip|video
📸	blitz|fotoapparat|fotoapparat mit blitz|camera|flash|video|camera with flash
📹	videokamera|camcorder|camera|tbt|video|video camera
🎥	film|filmkamera|kino|unterhaltung|bollywood|camera|cinema|hollywood|movie|record|movie camera
📽	filmprojektor|kino|unterhaltung|cinema|film|movie|projector|video|film projector
🎞	film|filmband|filmstreifen|kino|cinema|frames|movie|film frames
📞	telefonhörer|communication|phone|receiver|telephone|voip|telephone receiver
☎	telefon|phone|telephone
📟	pager|communication
📠	faxgerät|communication|fax|machine|fax machine
📺	fernseher|television|tv|video
📻	musik|radio|entertainment|tbt|video
🔋	akku|batterie|battery
🔌	netzstecker|stecker|stromstecker|electric|electricity|plug|electric plug
💡	glühbirne|bulb|comic|electric|idea|light|light bulb
🔦	lampe|licht|taschenlampe|electric|flashlight|light|tool|torch
🕯	kerze|licht|candle|light
💸	geldschein mit flügeln|bank|banknote|bill|billion|cash|dollar|fly|million|money|note|pay|wings|money with wings
💵	dollar-banknote|bank|banknote|bill|currency|dollar|money|note|dollar banknote
💴	geld|geldschein|yen|yen-banknote|bank|banknote|bill|currency|money|note|yen banknote
💶	euro|euro-banknote|euroschein|geld|geldschein|100|bank|banknote|bill|currency|money|note|rich|euro banknote
💷	geld|geldschein|pfund|pfund-banknote|bank|banknote|bill|billion|cash|currency|money|note|pound|pounds|pound banknote
💰	geldsack|bag|bank|bet|billion|cash|cost|dollar|gold|million|money|moneybag|paid|paying|pot|rich|win|money bag
💳	kreditkarte|bank|card|cash|charge|credit|money|pay|credit card
💎	diamant|edelstein|diamond|engagement|gem|jewel|money|romance|stone|wedding|gem stone
⚖	gerechtigkeit|gewicht|waage|werkzeug|wiegen|balance|justice|libra|scale|scales|tool|weight|zodiac|balance scale
🔧	schraubenschlüssel|werkzeug|home|improvement|spanner|tool|wrench
🔨	hammer|werkzeug|home|improvement|repairs|tool
⚒	hammer und pickel|hammer|pick|tool|hammer and pick
⛏	pickel|werkzeug|hammer|mining|pick|tool
🔩	mutter und schraube|schraube|bolt|home|improvement|nut|tool|nut and bolt
⚙	werkzeug|zahnrad|cog|cogwheel|gear|tool
🔫	pistole|revolver|waffe|wasserpistole|gun|handgun|pistol|tool|water|weapon|water pistol
💣	bombe|bomb|boom|comic|dangerous|explosion|hot
🔪	küchenmesser|messer|schneiden|chef|cooking|hocho|kitchen|knife|tool|weapon|kitchen knife
🗡	dolch|dagger|knife|weapon
⚔	gekreuzte schwerter|crossed|swords|weapon|crossed swords
🛡	schild|schutzschild|shield|weapon
🚬	zigarette|cigarette|smoking
⚰	sarg|coffin|dead|death|vampire
🏺	amphore|gefäß|kochen|krug|sternzeichen|tierkreis|trinken|vase|wassermann|amphora|aquarius|cooking|drink|jug|tool|weapon|zodiac
🔮	kristallkugel|ball|crystal|fairy|fairytale|fantasy|fortune|future|magic|tale|tool|crystal ball
📿	gebetskette|beads|clothing|necklace|prayer|religion|prayer beads
💈	barbershop-säule|barber|cut|fresh|haircut|pole|shave|barber pole
🔭	teleskop|contact|extraterrestrial|science|telescope|tool
🔬	mikroskop|experiment|lab|microscope|science|tool
💊	kapsel|doctor|drugs|medicated|medicine|pill|pills|sick|vitamin
💉	spritze|doctor|flu|medicine|needle|shot|sick|syringe|tool|vaccination
🩸	blutstropfen|bleed|blood|donation|drop|injury|medicine|menstruation|drop of blood
🌡	temperatur|thermometer|wetter|weather
🌐	breitengrad|globus mit meridianen|längengrad|earth|globe|internet|meridians|web|world|worldwide|globe with meridians
📈	aufwärtstrend|diagramm|kurve|steigend|chart|data|graph|growth|increasing|right|trend|up|upward|chart increasing
📉	abwärtstrend|diagramm|fallend|kurve|chart|data|decreasing|down|downward|graph|negative|trend|chart decreasing
📊	balken|balkendiagramm|diagramm|bar|chart|data|graph|bar chart
📚	bücherstapel|book|books|education|fantasy|knowledge|library|novels|reading|school|study
📖	offenes buch|book|education|fantasy|knowledge|library|novels|open|reading|open book
📕	geschlossenes buch|book|closed|education|closed book
📗	grünes buch|book|education|fantasy|green|library|reading|green book
📘	blaues buch|blue|book|education|fantasy|library|reading|blue book
📙	orangefarbenes buch|book|education|fantasy|library|orange|reading|orange book
📓	notizbuch|notizen|notebook
📔	einband|notizbuch|notizbuch mit dekorativem einband|book|cover|decorated|decorative|education|notebook|school|writing|notebook with decorative cover
📒	notizblock|spiralblock|ledger|notebook
📃	teilweise eingerolltes blatt|curl|document|page|paper|page with curl
📜	papier|schriftrolle|paper|scroll
📄	dokument|papier|seite|vorderseite eines blattes|document|facing|page|paper|up|page facing up
📰	zeitung|communication|news|newspaper|paper
🗞	zusammengerollte zeitung|news|newspaper|paper|rolled|rolled-up|rolled-up newspaper
📑	notizen|pagemarker|bookmark|mark|marker|tabs|bookmark tabs
🔖	lesezeichen|bookmark|mark
🏷	etikett|label|marke|tag
💼	aktentasche|tasche|briefcase|office
📁	ordner|file|folder|file folder
📂	geöffneter ordner|file|folder|open|open file folder
🗂	karteireiter|card|dividers|index|card index dividers
📅	kalender|calendar|date
📆	abreißkalender|calendar|tear-off|tear-off calendar
🗒	notizblock|note|notepad|pad|spiral|spiral notepad
🗓	kalender|spiralkalender|calendar|pad|spiral|spiral calendar
📇	rotationskartei|visitenkarten|card|index|old|rolodex|school|card index
❤	herz|rotes herz|emotion|heart|love|red|red heart
🧡	herz|liebe|orange|oranges herz|143|heart|orange heart
💛	gefühl|gelb|herz|herzlich|liebe|gelbes herz|143|cardiac|emotion|heart|ily|love|yellow|yellow heart
💚	gefühl|grün|herz|liebe|romantisch|grünes herz|143|emotion|green|heart|ily|love|romantic|green heart
💙	blau|gefühl|herz|liebe|romantisch|blaues herz|143|blue|emotion|heart|ily|love|romance|blue heart
💜	beste|gefühl|hdl|herz|liebe|lila|lilafarben|violett|lila herz|143|bestest|emotion|heart|ily|love|purple|purple heart
🖤	böse|herz|schwarz|schwarzes herz|black|evil|heart|wicked|black heart
🤍	herz|weiß|weißes herz|143|heart|white|white heart
🤎	braun|braunes herz|herz|143|brown|heart|brown heart
💔	allein|gebrochen|gefühl|herz|herzschmerz|liebeskummer|schmerz|traurig|trennung|zerbrochen|gebrochenes herz|break|broken|crushed|emotion|heart|heartbroken|lonely|sad|broken heart
❣	ausrufezeichen|herz|herz als ausrufezeichen|satzzeichen|bang|exclamation|heart|heavy|mark|punctuation|heart exclamation
💕	date|gefühl|herz|herzen|hochzeitstag|jahrestag|küsschen|küsse|liebe|rendezvous|xoxo|zwei|zwei herzen|143|anniversary|dating|emotion|heart|hearts|ily|kisses|love|loving|two|two hearts
💞	emotion|gefühl|herz|herzen|hochzeitstag|jahrestag|kreisen|liebe|süß|kreisende herzen|143|adorbs|anniversary|heart|hearts|revolving|revolving hearts
💓	gefühl|herz|herzschlag|liebe|puls|pulsieren|schlagen|schlagendes herz|143|beating|cardio|emotion|heart|heartbeat|ily|love|pulsating|pulse|beating heart
💗	aufregung|gefühl|herz|herzschlag|küsschen|küsse|liebe|nervös|nervosität|puls|wachsen|xoxo|wachsendes herz|143|emotion|excited|growing|heart|heartpulse|ily|kisses|muah|nervous|pulse|growing heart
💖	aufregung|funkeln|gefühl|glitzern|herz|liebe|morgen|nacht|rosa|xoxo|funkelndes herz|143|emotion|excited|good|heart|ily|kisses|morning|night|sparkle|sparkling|sparkling heart
💘	herz|herz mit pfeil|liebe|pfeil|143|adorbs|arrow|cupid|date|emotion|heart|ily|love|romance|valentine|heart with arrow
💝	herz|hochzeitstag|jahrestag|küsschen|küsse|liebe|schleife|valentinstag|xoxo|herz mit schleife|143|anniversary|emotion|heart|ily|kisses|ribbon|valentine|heart with ribbon
💟	deko|emotion|gefühl|herz|herzdekoration|liebe|lila|violett|weiß|143|decoration|heart|hearth|purple|white|heart decoration
☮	friedensbewegung|friedenssymbol|friedenszeichen|healing|peace|peaceful|symbol|peace symbol
✝	christentum|kreuz|lateinisch|religion|römisch|lateinisches kreuz|christ|christian|cross|latin|latin cross
☪	hilal|islam|muslim|religion|stern|hilal und stern|crescent|ramadan|star|star and crescent
🕉	hinduismus|om|religion|hindu
☸	buddhismus|dharma|dharma-rad|buddhist|religion|wheel|wheel of dharma
✡	davidstern|jüdisch|religion|david|jew|jewish|judaism|star|star of david
🔯	hexagramm mit punkt|wahrsager|dotted|fortune|jewish|judaism|six-pointed|star|dotted six-pointed star
☯	daoismus|religion|yang|yin|yin und yang|difficult|lives|tao|taoist|total|yinyang|yin yang
⛎	schlagenträger|schlangenträger|sternbild|bearer|ophiuchus|serpent|snake|zodiac
♈	sternzeichen|widder|widder (sternzeichen)|aries|horoscope|ram|zodiac
♉	horoskop|sternzeichen|stier|stier (sternzeichen)|bull|horoscope|ox|taurus|zodiac
♊	zwillinge (sternzeichen)|gemini|horoscope|twins|zodiac
♋	krebs (sternzeichen)|cancer|crab|horoscope|zodiac
♌	löwe (sternzeichen)|horoscope|leo|lion|zodiac
♍	jungfrau (sternzeichen)|horoscope|virgo|zodiac
♎	waage (sternzeichen)|balance|horoscope|justice|libra|scales|zodiac
♏	skorpion (sternzeichen)|horoscope|scorpio|scorpion|scorpius|zodiac
♐	schütze|schütze (sternzeichen)|sternzeichen|archer|horoscope|sagittarius|zodiac
♑	steinbock|steinbock (sternzeichen)|sternzeichen|capricorn|goat|horoscope|zodiac
♒	wassermann (sternzeichen)|aquarius|bearer|horoscope|water|zodiac
♓	fische (sternzeichen)|fish|horoscope|pisces|zodiac
⚛	atheist|atom|atomzeichen|symbol|atom symbol
☢	radioaktiv|radioactive|sign
☣	biogefährdung|zeichen|biohazard|sign
✴	*|achtstrahliger stern|stern|eight-pointed|star|eight-pointed star
ℹ	buchstabe „i“ in blauem quadrat|i|information
✔	kräftiges häkchen|✓|check|checked|checkmark|done|heavy|mark|tick|check mark
✖	×|abbrechen|mal|multiplikation|multiplikationszeichen|multiplizieren|x|cancel|multiplication|multiply|sign
‼	doppeltes ausrufezeichen|!|!!|bangbang|double|exclamation|mark|punctuation|double exclamation mark
⁉	ausrufe- und fragezeichen|ausrufezeichen|fragezeichen|rot|satzzeichen|!|!?|?|exclamation|interrobang|mark|punctuation|question|exclamation question mark
❓	rotes fragezeichen|?|mark|punctuation|question|red|red question mark
❔	weißes fragezeichen|?|mark|outlined|punctuation|question|white|white question mark
❕	weißes ausrufezeichen|!|bang|exclamation|mark|outlined|punctuation|white|white exclamation mark
❗	!|ausrufezeichen|rot|satzzeichen|rotes ausrufezeichen|bang|exclamation|mark|punctuation|red|red exclamation mark
💲	dollarzeichen extrafett|billion|cash|charge|currency|dollar|heavy|million|money|pay|sign|heavy dollar sign
♻	recycling-symbol|recycle|recycling|symbol|recycling symbol
🔱	dreizack|anchor|emblem|poseidon|ship|tool|trident|trident emblem
⭕	hohler roter kreis|circle|heavy|hollow|large|o|red|hollow red circle
✅	weißes häkchen|✓|button|check|checked|checkmark|complete|completed|done|fixed|mark|tick|check mark button
☑	abgehaktes kästchen|✓|ballot|box|check|checked|done|off|tick|check box with check
❌	kreuzzeichen|×|cancel|cross|mark|multiplication|multiply|x|cross mark
❎	angekreuztes kästchen|×|button|cross|mark|multiplication|multiply|square|x|cross mark button
🔴	ball|punkt|rot|roter punkt|circle|geometric|red|red circle
🟠	oranger punkt|circle|orange|orange circle
🟡	gelber punkt|circle|yellow|yellow circle
🟢	grüner punkt|circle|green|green circle
🔵	blauer punkt|blue|circle|geometric|blue circle
🟣	lila punkt|circle|purple|purple circle
⚪	weißer punkt|circle|geometric|white|white circle
⚫	schwarzer punkt|black|circle|geometric|black circle
🔺	rotes dreieck mit der spitze nach oben|geometric|pointed|red|triangle|up|red triangle pointed up
🔻	abwärts|dreieck|rot|rotes dreieck mit der spitze nach unten|down|geometric|pointed|red|triangle|red triangle pointed down
🔶	große orangefarbene raute|diamond|geometric|large|orange|large orange diamond
🔷	große blaue raute|blue|diamond|geometric|large|large blue diamond
🔸	kleine orangefarbene raute|diamond|geometric|orange|small|small orange diamond
🔹	kleine blaue raute|blue|diamond|geometric|small|small blue diamond
💯	100|100 punkte|punktestand|volle punktzahl|a+|agree|clearly|definitely|faithful|fleek|full|hundred|keep|perfect|point|score|true|truth|yup|hundred points
🔞	erwachsene|minderjährige verboten|mindestalter|nicht jugendfrei|zeichen mit durchgestrichener 18|18|age|eighteen|forbidden|no|not|one|prohibited|restriction|underage|no one under eighteen
📵	handy|mobiltelefon|mobiltelefone verboten|verbot|cell|forbidden|mobile|no|not|phone|phones|prohibited|telephone|no mobile phones
🚭	rauchen verboten|rauchverbot|zigarette|forbidden|no|not|prohibited|smoke|smoking|no smoking
