de	er
de	en
de	n 
de	ch
de	ei
de	en 
de	un
de	de
de	 d
de	t 
de	e 
de	r 
de	er 
de	in
de	nd
de	ge
de	re
de	der
de	ie
de	 a
de	ng
de	te
de	 s
de	d 
de	ein
de	 u
de	 un
de	he
de	 g
de	nd 
de	ung
de	ne
de	ht
de	und
de	cht
de	g 
de	ic
de	it
de	s 
de	ich
de	 e
de	ha
de	 de
de	es
de	ng 
de	an
de	di
de	se
de	le
de	be
de	sc
de	sch
de	li
de	 i
de	al
de	ec
de	 ge
de	ech
de	at
de	ie 
de	rec
de	zu
de	 di
de	che
de	die
de	ine
de	 r
de	 re
de	eit
de	gen
de	st
de	 v
de	 w
de	da
de	au
de	 da
de	 z
de	ed
de	me
de	ig
de	 au
de	 f
de	t d
de	 zu
de	ht 
de	ll
de	nt
de	 h
de	ve
de	ch 
de	h 
de	lic
de	ns
de	ver
de	f 
de	n d
de	 b
de	 ha
de	hen
de	it 
de	em
de	 ei
de	 in
de	rei
de	el
de	in 
de	ru
de	uf
de	 m
de	ede
de	ten
de	auf
de	ti
de	 j
de	 je
de	fr
de	je
de	jed
de	s r
de	we
de	 be
de	 o
de	 se
de	and
de	as
de	es 
de	nde
de	u 
de	wi
de	zu 
de	 ve
de	ar
de	ke
de	n s
de	ne 
de	sei
de	at 
de	uf 
de	das
de	eh
de	fre
de	is
de	on
de	ter
de	 n
de	as 
de	hat
de	rd
de	so
de	 al
de	e u
de	na
de	nge
de	t a
de	 fr
de	den
de	lt
de	m 
de	nsc
de	run
de	 an
de	eg
de	or
de	r h
de	si
de	 od
de	ese
de	hei
de	hte
de	lle
de	men
de	n u
de	ner
de	ni
de	od
de	ode
de	 we
de	af
de	all
de	e a
de	g d
de	hl
de	ih
de	ri
de	ere
de	et
de	ft
de	hr
de	le 
de	mi
de	nte
de	rde
de	rk
de	rs
de	 so
de	rf
de	ur
de	 vo
de	d d
de	ens
en	e 
en	 t
en	 a
en	s 
en	th
en	he
en	on
en	d 
en	n 
en	 o
en	the
en	 th
en	an
en	in
en	er
en	y 
en	he 
en	ti
en	nd
en	re
en	al
en	 an
en	t 
en	l 
en	en
en	ri
en	io
en	 i
en	nd 
en	and
en	 s
en	 r
en	it
en	o 
en	 e
en	f 
en	ion
en	 h
en	 of
en	of
en	or
en	to
en	of 
en	 f
en	 to
en	nt
en	at
en	to 
en	r 
en	tio
en	 p
en	ed
en	on 
en	ha
en	te
en	ve
en	 in
en	ar
en	ig
en	is
en	 b
en	al 
en	as
en	ne
en	ry
en	gh
en	ght
en	ht
en	rig
en	 ri
en	ati
en	ent
en	es
en	igh
en	 c
en	hi
en	 w
en	ed 
en	na
en	ll
en	or 
en	be
en	in 
en	ec
en	li
en	se
en	as 
en	e r
en	is 
en	ll 
en	me
en	 d
en	ne 
en	ver
en	 be
en	one
en	de
en	pr
en	st
en	un
en	 n
en	ra
en	s t
en	t t
en	ev
en	eve
en	le
en	ro
en	 ha
en	ce
en	ng
en	om
en	all
en	ct
en	ot
en	 ev
en	ery
en	ht 
en	ou
en	pe
en	ta
en	ty
en	co
en	fr
en	ic
en	ty 
en	yo
en	yon
en	 fr
en	 l
en	 or
en	 pr
en	 re
en	d t
en	e h
en	el
en	ryo
en	s a
en	ts
en	ts 
en	be 
en	e a
en	g 
en	h 
en	ing
en	ng 
en	sh
en	di
en	ee
en	n t
en	nc
en	ni
en	ns
en	 sh
en	ci
en	has
en	his
en	men
en	so
en	 co
en	 m
en	fo
en	her
en	ho
en	la
en	ur
en	y a
en	 hi
en	ch
en	e i
en	n o
en	nat
en	pro
en	sha
en	tr
en	ac
en	ce 
en	ea
en	f t
en	fre
en	hal
en	ma
en	ree
en	 fo
en	e s
en	et
en	for
en	im
en	ly
en	mi
en	n a
en	rt
en	ry 
en	 de
en	 pe
en	ect
en	er 
en	es 
en	ity
en	l b
el	α 
el	ς 
el	 τ
el	ι 
el	κα
el	ν 
el	 κ
el	αι
el	ικ
el	 κα
el	τη
el	αι 
el	ου
el	το
el	να
el	 π
el	 δ
el	 ε
el	τα
el	 α
el	η 
el	και
el	 σ
el	ει
el	 το
el	δι
el	πο
el	 τη
el	ο 
el	 δι
el	 ν
el	να 
el	ου 
el	στ
el	υ 
el	εί
el	 να
el	αν
el	οι
el	ή 
el	ια
el	ε 
el	ία
el	δικ
el	ην
el	ης
el	ης 
el	ικα
el	μα
el	ει 
el	ων
el	ερ
el	του
el	ην 
el	ι τ
el	αί
el	ς κ
el	την
el	 μ
el	ας
el	ας 
el	πρ
el	ωμ
el	ατ
el	 πρ
el	θε
el	 ο
el	τε
el	 έ
el	ση
el	υν
el	ρο
el	ων 
el	έχ
el	έν
el	μα 
el	νε
el	τα 
el	α τ
el	ται
el	χε
el	 αν
el	 στ
el	ία 
el	κή
el	σε
el	πε
el	της
el	τι
el	τω
el	ασ
el	ια 
el	λε
el	ον
el	ση 
el	απ
el	το 
el	χει
el	ό 
el	 έχ
el	ίω
el	ετ
el	ρι
el	των
el	ωμα
el	έχε
el	ική
el	καί
el	κο
el	ς τ
el	 η
el	ίωμ
el	αίω
el	ελ
el	 απ
el	α κ
el	ισ
el	με
el	μο
el	πα
el	ες
el	ες 
el	 σε
el	ετα
el	ρα
el	ι ν
el	πι
el	 γ
el	που
el	προ
el	 πο
el	ά 
el	δε
el	ιν
el	κή 
el	λο
el	σε 
el	στη
el	συ
el	ί 
el	α π
el	ητ
el	ιο
el	ν κ
el	νο
el	 συ
el	αθ
el	εν
el	ού
el	πό
el	ρε
el	 η 
el	άτ
el	α ε
el	αρ
el	κό
el	ν α
el	νι
el	νω
el	ο δ
el	ουν
el	ς δ
el	ς π
el	υν 
el	 επ
el	ένα
el	α σ
el	εί 
el	ελε
el	επ
el	ευ
el	ντ
el	οπ
el	ορ
el	ους
el	υς
el	υς 
el	 ά
el	 τω
el	 υ
el	μέ
el	ν ε
el	ν τ
el	νικ
el	οσ
el	ρί
el	ς έ
el	 ό
el	ίσ
el	α α
el	α ν
el	εξ
el	η τ
el	ι σ
el	ιδ
el	κά
el	καθ
el	πό 
el	ρέ
el	τητ
fr	e 
fr	s 
fr	 d
fr	t 
fr	 l
fr	on
fr	de
fr	es
fr	 de
fr	nt
fr	 e
fr	 p
fr	es 
fr	it
fr	en
fr	a 
fr	le
fr	 a
fr	de 
fr	n 
fr	re
fr	ti
fr	er
fr	io
fr	 s
fr	nt 
fr	oi
fr	te
fr	la
fr	ou
fr	ion
fr	 c
fr	l 
fr	ro
fr	et
fr	ne
fr	ns
fr	et 
fr	 la
fr	li
fr	tio
fr	 et
fr	an
fr	la 
fr	e l
fr	me
fr	co
fr	ne 
fr	qu
fr	ent
fr	u 
fr	r 
fr	so
fr	té
fr	oit
fr	at
fr	le 
fr	on 
fr	ra
fr	t d
fr	 le
fr	un
fr	 t
fr	e d
fr	é 
fr	dr
fr	in
fr	ai
fr	roi
fr	 dr
fr	dro
fr	s d
fr	 co
fr	 n
fr	is
fr	it 
fr	ut
fr	au
fr	ns 
fr	 à
fr	 à 
fr	con
fr	à 
fr	ati
fr	e p
fr	té 
fr	 o
fr	pe
fr	ue
fr	 u
fr	 un
fr	re 
fr	se
fr	tr
fr	men
fr	na
fr	pr
fr	to
fr	 q
fr	 qu
fr	 r
fr	e s
fr	te 
fr	ur
fr	 i
fr	 l 
fr	ri
fr	rs
fr	ct
fr	ons
fr	que
fr	 é
fr	al
fr	ar
fr	ce
fr	des
fr	 to
fr	 so
fr	em
fr	ir
fr	ont
fr	son
fr	 au
fr	 li
fr	 pe
fr	e e
fr	pa
fr	s l
fr	t l
fr	tou
fr	ie
fr	les
fr	 pa
fr	ant
fr	di
fr	el
fr	nd
fr	ts
fr	ts 
fr	 en
fr	 f
fr	 m
fr	e a
fr	nn
fr	s e
fr	si
fr	ec
fr	om
fr	onn
fr	sa
fr	ta
fr	ue 
fr	e c
fr	eme
fr	i 
fr	il
fr	ss
fr	 a 
fr	 pr
fr	dé
fr	er 
fr	ers
fr	eu
fr	ni
fr	st
fr	ui
fr	 re
fr	cti
fr	ib
fr	nc
fr	rt
fr	t à
fr	une
fr	a d
fr	da
fr	lib
fr	tre
fr	ute
fr	ce 
fr	du
fr	out
fr	x 
fr	és
fr	 h
fr	ci
fr	ité
fr	mm
fr	res
fr	us
fr	ér
fr	 in
fr	 ou
fr	ma
fr	mi
fr	n d
fr	ou 
fr	per
fr	a l
fr	en 
fr	pl
es	a 
es	s 
es	e 
es	de
es	 d
es	 de
es	o 
es	en
es	er
es	 l
es	n 
es	os
es	es
es	 e
es	re
es	os 
es	 p
es	ci
es	 a
es	la
es	on
es	de 
es	na
es	 s
es	 t
es	al
es	l 
es	to
es	ec
es	nt
es	 c
es	 la
es	ad
es	da
es	y 
es	ie
es	la 
es	 y
es	 y 
es	ra
es	co
es	te
es	ar
es	 a 
es	el
es	es 
es	as
es	se
es	id
es	ti
es	ac
es	li
es	r 
es	ta
es	ón
es	ón 
es	ere
es	ió
es	rec
es	 co
es	der
es	do
es	ión
es	ho
es	e l
es	so
es	ien
es	ent
es	io
es	ne
es	en 
es	lo
es	an
es	ch
es	cho
es	di
es	ech
es	in
es	a p
es	ia
es	ció
es	le
es	pe
es	pr
es	un
es	aci
es	o a
es	el 
es	od
es	ro
es	 i
es	or
es	 el
es	as 
es	ri
es	rs
es	 en
es	a l
es	al 
es	 n
es	ni
es	s d
es	tr
es	ue
es	 o
es	 to
es	d 
es	los
es	st
es	con
es	nd
es	 lo
es	me
es	nte
es	ad 
es	da 
es	e d
es	ic
es	om
es	ona
es	su
es	tod
es	 m
es	 pr
es	na 
es	po
es	 se
es	 su
es	ene
es	ida
es	qu
es	res
es	 r
es	a t
es	ers
es	mi
es	 pe
es	do 
es	ho 
es	o d
es	per
es	 es
es	 ti
es	ca
es	ma
es	n d
es	cia
es	rso
es	si
es	tie
es	 h
es	 re
es	cio
es	nc
es	pro
es	rt
es	 in
es	 u
es	dad
es	ib
es	pa
es	son
es	to 
es	 po
es	am
es	ig
es	ion
es	no
es	que
es	sa
es	te 
es	u 
es	 li
es	 na
es	 q
es	 qu
es	men
es	oda
es	tad
es	ue 
es	im
es	iv
es	lib
es	nac
es	nci
es	s y
es	 un
es	be
es	br
es	e s
es	est
es	gu
es	ne 
es	rá
es	s e
es	su 
es	 pa
es	a d
es	a e
es	dos
it	e 
it	i 
it	a 
it	o 
it	 d
it	di
it	on
it	 di
it	ri
it	er
it	 e
it	 i
it	 a
it	al
it	 s
it	ne
it	in
it	to
it	re
it	io
it	 p
it	de
it	it
it	to 
it	li
it	en
it	ni
it	tt
it	 c
it	es
it	el
it	ll
it	 l
it	ion
it	te
it	le
it	 in
it	nt
it	 de
it	la
it	zi
it	l 
it	di 
it	e d
it	ne 
it	ta
it	na
it	ti
it	la 
it	ra
it	 o
it	re 
it	zio
it	 e 
it	ss
it	ia
it	co
it	le 
it	at
it	one
it	 n
it	an
it	nd
it	se
it	st
it	un
it	ni 
it	so
it	ell
it	ir
it	ar
it	si
it	a d
it	pr
it	 u
it	lla
it	o d
it	rit
it	n 
it	 r
it	itt
it	ci
it	ic
it	del
it	ess
it	az
it	dir
it	iri
it	 al
it	 co
it	no
it	ti 
it	tr
it	azi
it	ent
it	me
it	or
it	pe
it	te 
it	tto
it	vi
it	iv
it	uo
it	ro
it	ua
it	ere
it	à 
it	i d
it	id
it	i i
it	e l
it	gn
it	 pr
it	is
it	e e
it	ndi
it	og
it	po
it	su
it	ind
it	nte
it	za
it	gni
it	 un
it	ale
it	ch
it	e i
it	il
it	o a
it	du
it	e a
it	i e
it	tà
it	tà 
it	 ne
it	 t
it	a s
it	li 
it	nz
it	 m
it	 og
it	con
it	ogn
it	ve
it	 f
it	ib
it	men
it	uo 
it	za 
it	idu
it	ivi
it	 es
it	div
it	duo
it	rt
it	tti
it	vid
it	 su
it	i s
it	pro
it	 h
it	 ha
it	 li
it	a p
it	am
it	eg
it	ha
it	na 
it	os
it	per
it	qu
it	 pe
it	all
it	d 
it	et
it	 ri
it	 so
it	ato
it	e n
it	ia 
it	ie
it	ma
it	o s
it	om
it	ser
it	 o 
it	a l
it	ali
it	be
it	da
it	e s
it	im
it	no 
it	nza
it	ol
it	sa
it	sse
it	 q
it	 qu
it	e p
nl	n 
nl	en
nl	en 
nl	e 
nl	de
nl	er
nl	t 
nl	 v
nl	an
nl	 e
nl	 d
nl	ge
nl	he
nl	 o
nl	in
nl	ij
nl	te
nl	ch
nl	re
nl	ee
nl	an 
nl	de 
nl	 h
nl	 de
nl	ie
nl	ng
nl	va
nl	el
nl	g 
nl	nd
nl	 he
nl	 va
nl	et
nl	van
nl	ing
nl	cht
nl	ht
nl	r 
nl	 i
nl	d 
nl	 g
nl	 en
nl	aa
nl	der
nl	 z
nl	or
nl	ng 
nl	st
nl	ve
nl	on
nl	ed
nl	et 
nl	 w
nl	een
nl	li
nl	 t
nl	be
nl	n d
nl	n v
nl	 ge
nl	ec
nl	ver
nl	 ee
nl	ech
nl	 a
nl	 r
nl	oo
nl	 b
nl	ri
nl	le
nl	n e
nl	zi
nl	al
nl	rec
nl	s 
nl	 re
nl	ke
nl	at
nl	me
nl	nde
nl	ns
nl	ti
nl	 be
nl	gen
nl	ig
nl	di
nl	ei
nl	er 
nl	we
nl	 te
nl	ede
nl	het
nl	ar
nl	ten
nl	 m
nl	e v
nl	n i
nl	ni
nl	rd
nl	 zi
nl	id
nl	p 
nl	zij
nl	 ve
nl	den
nl	ht 
nl	op
nl	te 
nl	vo
nl	 in
nl	 op
nl	t o
nl	lij
nl	ied
nl	es
nl	ijk
nl	ijn
nl	jk
nl	jn
nl	eli
nl	ens
nl	jn 
nl	n o
nl	 ie
nl	and
nl	ke 
nl	eg
nl	it
nl	na
nl	om
nl	oor
nl	ef
nl	eid
nl	ft
nl	l 
nl	 on
nl	 vr
nl	ere
nl	id 
nl	vr
nl	 n
nl	 s
nl	 vo
nl	eft
nl	em
nl	sc
nl	sch
nl	ft 
nl	ond
nl	op 
nl	 we
nl	da
nl	eef
nl	hei
nl	men
nl	n z
nl	ord
nl	rij
nl	aar
nl	hee
nl	n g
nl	oe
nl	rde
nl	t r
nl	wo
nl	 me
nl	aan
nl	hte
nl	in 
nl	la
nl	ll
nl	m 
nl	vri
nl	n w
nl	pe
nl	g v
nl	n h
nl	or 
nl	wor
nl	f 
nl	k 
nl	of
nl	r h
nl	ren
nl	 wo
nl	e b
nl	e o
nl	ha
nl	of 
nl	ste
nl	ze
nl	 of
nl	le 
nl	lle
nl	om 
nl	ra
nl	ta
nl	 aa
nl	 om
nl	ege
pt	o 
pt	a 
pt	e 
pt	s 
pt	 d
pt	de
pt	 e
pt	 a
pt	da
pt	es
pt	 p
pt	to
pt	os
pt	re
pt	os 
pt	de 
pt	 de
pt	er
pt	m 
pt	 o
pt	en
pt	 s
pt	nt
pt	ra
pt	te
pt	di
pt	 t
pt	do
pt	o d
pt	it
pt	 a 
pt	co
pt	 c
pt	ad
pt	al
pt	r 
pt	ei
pt	ão
pt	ão 
pt	 e 
pt	em
pt	to 
pt	 di
pt	se
pt	ir
pt	as
pt	ent
pt	da 
pt	li
pt	ar
pt	me
pt	eit
pt	ito
pt	so
pt	 co
pt	 n
pt	em 
pt	in
pt	na
pt	on
pt	as 
pt	ci
pt	dir
pt	ire
pt	pe
pt	pr
pt	rei
pt	es 
pt	ta
pt	 se
pt	id
pt	qu
pt	am
pt	e d
pt	ma
pt	çã
pt	ção
pt	a p
pt	men
pt	od
pt	ri
pt	ss
pt	 i
pt	ade
pt	ia
pt	dad
pt	 pe
pt	do 
pt	is
pt	s d
pt	 da
pt	ec
pt	nd
pt	 l
pt	an
pt	nte
pt	ro
pt	dos
pt	 pr
pt	 to
pt	tr
pt	um
pt	 o 
pt	aç
pt	con
pt	o e
pt	ess
pt	s e
pt	ua
pt	 f
pt	 r
pt	a a
pt	que
pt	ti
pt	ue
pt	 do
pt	 q
pt	 qu
pt	l 
pt	or
pt	ou
pt	tod
pt	 ou
pt	no
pt	ni
pt	om
pt	al 
pt	res
pt	st
pt	te 
pt	e a
pt	el
pt	gu
pt	ic
pt	m d
pt	u 
pt	un
pt	 in
pt	 re
pt	a d
pt	at
pt	ca
pt	er 
pt	ida
pt	iv
pt	sso
pt	 li
pt	io
pt	o a
pt	pa
pt	uma
pt	po
pt	 m
pt	 te
pt	ar 
pt	ns
pt	ou 
pt	pro
pt	ame
pt	açã
pt	ig
pt	tos
pt	tra
pt	 es
pt	a t
pt	im
pt	ra 
pt	s p
pt	ue 
pt	 na
pt	 pa
pt	a e
pt	a s
pt	ac
pt	be
pt	le
pt	ur
pt	 po
pt	oda
pt	su
pt	tem
pt	cia
pt	com
pt	des
pt	e e
pt	la
pt	nto
pt	oa
pt	pes
pt	soa
pt	õe
pt	ões
pt	das
pt	e s
pt	is 
pt	man
pt	o p
pt	oa 
pt	oc
pt	s o
sv	s 
sv	er
sv	r 
sv	te
sv	en
sv	n 
sv	ar
sv	 s
sv	t 
sv	or
sv	de
sv	a 
sv	 k
sv	ka
sv	an
sv	at
sv	ri
sv	e 
sv	st
sv	i 
sv	in
sv	 a
sv	 i
sv	et
sv	en 
sv	re
sv	ra
sv	nd
sv	 f
sv	ns
sv	na
sv	er 
sv	as
sv	 ka
sv	eg
sv	ta
sv	sk
sv	 t
sv	go
sv	 o
sv	ate
sv	ori
sv	om
sv	 m
sv	kat
sv	gor
sv	la
sv	 b
sv	teg
sv	ego
sv	ng
sv	ll
sv	 i 
sv	is
sv	 e
sv	 v
sv	 d
sv	rs
sv	me
sv	li
sv	ti
sv	d 
sv	tt
sv	ch
sv	ad
sv	and
sv	es
sv	rn
sv	ter
sv	 h
sv	il
sv	 p
sv	oc
sv	är
sv	 l
sv	el
sv	ge
sv	m 
sv	et 
sv	al
sv	le
sv	on
sv	de 
sv	va
sv	ns 
sv	h 
sv	ör
sv	nde
sv	ar 
sv	 oc
sv	ing
sv	da
sv	ch 
sv	och
sv	rna
sv	un
sv	av
sv	ga
sv	so
sv	ne
sv	ve
sv	ens
sv	are
sv	ts
sv	as 
sv	 u
sv	am
sv	ma
sv	se
sv	 g
sv	fö
sv	ko
sv	v 
sv	ro
sv	g 
sv	rt
sv	om 
sv	ig
sv	ri 
sv	ni
sv	ie
sv	dr
sv	 r
sv	ade
sv	 in
sv	 ä
sv	 n
sv	ern
sv	 av
sv	ed
sv	vi
sv	sa
sv	ska
sv	be
sv	l 
sv	ag
sv	re 
sv	ers
sv	lo
sv	rs 
sv	 en
sv	för
sv	tr
sv	 fö
sv	 me
sv	är 
sv	nt
sv	ast
sv	id
sv	ts 
sv	 an
sv	it
sv	nas
sv	kt
sv	si
sv	 de
sv	av 
sv	ha
sv	na 
sv	 so
sv	der
sv	pe
sv	sta
sv	som
sv	to
sv	ol
sv	 är
sv	ste
sv	es 
sv	tt 
sv	st 
sv	än
sv	 va
sv	und
sv	ndr
sv	ke
sv	no
sv	era
sv	or 
sv	ik
sv	rie
sv	 st
sv	lä
sv	ier
sv	var
sv	dra
sv	mi
sv	ten
sv	det
sv	us
sv	art
sv	äl
sv	an 
sv	 ti
sv	gen
sv	ill
sv	nsk
sv	ck
sv	 vi
sv	ba
nb	e 
nb	er
nb	en
nb	r 
nb	te
nb	 s
nb	t 
nb	re
nb	er 
nb	de
nb	n 
nb	ne
nb	or
nb	 f
nb	i 
nb	st
nb	le
nb	 i
nb	an
nb	et
nb	 o
nb	g 
nb	 k
nb	en 
nb	nd
nb	 b
nb	in
nb	 a
nb	ri
nb	 m
nb	ke
nb	me
nb	sk
nb	 i 
nb	se
nb	 t
nb	ar
nb	a 
nb	es
nb	el
nb	 h
nb	om
nb	il
nb	s 
nb	ra
nb	ti
nb	ge
nb	og
nb	ka
nb	li
nb	 p
nb	at
nb	is
nb	et 
nb	ng
nb	ne 
nb	 v
nb	ve
nb	 og
nb	al
nb	l 
nb	un
nb	m 
nb	d 
nb	ed
nb	ll
nb	og 
nb	fo
nb	ns
nb	 l
nb	 d
nb	eg
nb	tt
nb	ter
nb	nde
nb	 u
nb	la
nb	 n
nb	av
nb	nn
nb	so
nb	 e
nb	å 
nb	re 
nb	for
nb	 fo
nb	te 
nb	on
nb	ene
nb	 ka
nb	ta
nb	ste
nb	rt
nb	 r
nb	v 
nb	 me
nb	om 
nb	ere
nb	rs
nb	de 
nb	k 
nb	 g
nb	der
nb	 av
nb	 so
nb	ig
nb	 ti
nb	nt
nb	ik
nb	ha
nb	ate
nb	som
nb	ol
nb	be
nb	va
nb	av 
nb	ing
nb	til
nb	ori
nb	le 
nb	go
nb	lle
nb	bl
nb	ke 
nb	no
nb	tr
nb	vi
nb	ma
nb	ek
nb	ko
nb	est
nb	ske
nb	ri 
nb	teg
nb	pe
nb	kat
nb	end
nb	or 
nb	am
nb	ar 
nb	tte
nb	und
nb	si
nb	ro
nb	id
nb	gor
nb	fr
nb	ego
nb	ni
nb	il 
nb	as
nb	je
nb	it
nb	 ha
nb	 bl
nb	ed 
nb	 st
nb	 un
nb	nge
nb	to
nb	 fr
nb	sa
nb	na
nb	ler
nb	ra 
nb	dr
nb	mm
nb	and
nb	ver
nb	ut
nb	nne
nb	kk
nb	ie
nb	he
nb	på
nb	ten
nb	kt
nb	 på
nb	med
nb	 re
nb	 no
nb	em
nb	rn
nb	us
nb	på 
nb	ør
nb	ru
nb	ans
nb	ren
nb	 va
nb	 se
nb	ser
nb	rd
nb	 de
nb	ett
nb	ls
nb	di
nb	ner
nb	ker
nb	lig
da	er
da	e 
da	en
da	s 
da	de
da	r 
da	te
da	 s
da	re
da	ne
da	n 
da	 f
da	es
da	t 
da	or
da	nd
da	an
da	st
da	er 
da	le
da	 k
da	ed
da	ge
da	et
da	 o
da	 h
da	 i
da	g 
da	i 
da	en 
da	ri
da	es 
da	 b
da	 a
da	in
da	 m
da	ti
da	me
da	ve
da	el
da	 t
da	se
da	d 
da	og
da	sk
da	ar
da	il
da	nde
da	de 
da	ns
da	 i 
da	ng
da	at
da	 v
da	ka
da	et 
da	 d
da	ke
da	li
da	ere
da	rn
da	fo
da	rs
da	is
da	 p
da	 og
da	og 
da	ern
da	rne
da	om
da	ig
da	ra
da	 fo
da	ha
da	for
da	ter
da	al
da	be
da	eg
da	l 
da	ede
da	m 
da	der
da	af
da	ll
da	 ka
da	 l
da	nes
da	ne 
da	un
da	on
da	 ha
da	 e
da	 me
da	ers
da	re 
da	 af
da	la
da	 g
da	ing
da	ta
da	ori
da	 r
da	ste
da	ate
da	ie
da	end
da	f 
da	go
da	 ti
da	ens
da	ns 
da	and
da	nge
da	ol
da	teg
da	ni
da	 u
da	so
da	af 
da	 n
da	kat
da	vi
da	lle
da	a 
da	til
da	gor
da	ego
da	rs 
da	den
da	k 
da	ed 
da	ds
da	fr
da	ene
da	ma
da	ger
da	va
da	si
da	ld
da	 fr
da	 st
da	ko
da	å 
da	bl
da	tr
da	em
da	te 
da	gen
da	om 
da	he
da	am
da	ik
da	il 
da	ts
da	ls
da	ev
da	ver
da	id
da	or 
da	ag
da	ro
da	rt
da	ar 
da	nt
da	 so
da	ner
da	 be
da	lig
da	ler
da	da
da	ke 
da	v 
da	 bl
da	mm
da	tt
da	ret
da	ren
da	des
da	fi
da	med
da	ud
da	to
da	sa
da	dt
da	ind
da	ør
da	han
da	est
da	ske
da	som
da	di
da	av
da	nn
da	ge 
da	rk
da	tte
da	ts 
da	men
da	els
fi	a 
fi	n 
fi	ta
fi	is
fi	si
fi	tt
fi	in
fi	en
fi	it
fi	st
fi	 k
fi	ta 
fi	te
fi	ll
fi	al
fi	il
fi	an
fi	oi
fi	i 
fi	la
fi	ka
fi	ä 
fi	li
fi	 s
fi	ks
fi	en 
fi	ai
fi	sa
fi	in 
fi	 t
fi	 l
fi	el
fi	e 
fi	et
fi	tta
fi	uo
fi	tä
fi	ti
fi	ei
fi	ki
fi	aa
fi	ik
fi	 p
fi	se
fi	itt
fi	 v
fi	ne
fi	t 
fi	ja
fi	le
fi	 j
fi	ss
fi	va
fi	ksi
fi	ma
fi	at
fi	lu
fi	 m
fi	ko
fi	na
fi	to
fi	tu
fi	lt
fi	ist
fi	as
fi	ok
fi	ii
fi	 a
fi	ri
fi	mi
fi	ku
fi	es
fi	me
fi	sta
fi	ar
fi	si 
fi	ol
fi	er
fi	on
fi	 h
fi	isi
fi	sa 
fi	nn
fi	ke
fi	us
fi	nt
fi	ee
fi	ssa
fi	uu
fi	ill
fi	 e
fi	ut
fi	na 
fi	uk
fi	jo
fi	lta
fi	im
fi	ra
fi	kk
fi	tä 
fi	ie
fi	an 
fi	ak
fi	ais
fi	ni
fi	lle
fi	 o
fi	un
fi	ett
fi	ot
fi	pa
fi	lla
fi	än
fi	 lu
fi	ja 
fi	la 
fi	de
fi	os
fi	 ka
fi	ul
fi	tte
fi	le 
fi	vi
fi	lo
fi	am
fi	uok
fi	su
fi	lä
fi	ttä
fi	ää
fi	mm
fi	 ja
fi	au
fi	luo
fi	pi
fi	 r
fi	ia
fi	oit
fi	ty
fi	sä
fi	 va
fi	ise
fi	all
fi	ilt
fi	iks
fi	ina
fi	or
fi	he
fi	iss
fi	mu
fi	aj
fi	om
fi	iin
fi	 n
fi	ht
fi	pe
fi	lai
fi	re
fi	ui
fi	no
fi	hi
fi	ala
fi	sk
fi	vu
fi	ns
fi	 si
fi	ro
fi	uks
fi	att
fi	lis
fi	ur
fi	sin
fi	 ku
fi	ir
fi	io
fi	 ta
fi	kä
fi	em
fi	aan
fi	iv
fi	ste
fi	sit
fi	 jo
fi	 ma
fi	 y
fi	ih
fi	toi
fi	ek
fi	pu
fi	mä
fi	 ko
fi	lk
fi	jä
fi	äi
fi	et 
fi	ve
fi	ell
fi	ast
fi	ij
fi	so
cs	e 
cs	 p
cs	 s
cs	a 
cs	 v
cs	í 
cs	st
cs	o 
cs	ro
cs	ch
cs	 k
cs	u 
cs	ní
cs	i 
cs	ov
cs	te
cs	en
cs	y 
cs	m 
cs	 a
cs	 z
cs	 n
cs	po
cs	 o
cs	ra
cs	 d
cs	 j
cs	le
cs	 m
cs	h 
cs	ko
cs	ch 
cs	na
cs	or
cs	ka
cs	v 
cs	la
cs	 b
cs	 r
cs	é 
cs	er
cs	od
cs	at
cs	ní 
cs	 po
cs	sk
cs	al
cs	an
cs	je
cs	pr
cs	ce
cs	ou
cs	ho
cs	to
cs	lo
cs	 t
cs	 v 
cs	ne
cs	l 
cs	li
cs	os
cs	ta
cs	se
cs	ri
cs	no
cs	in
cs	 a 
cs	do
cs	 pr
cs	va
cs	ně
cs	em
cs	ar
cs	el
cs	ol
cs	ti
cs	ve
cs	re
cs	mi
cs	ed
cs	ic
cs	ni
cs	ce 
cs	ře
cs	av
cs	ob
cs	 l
cs	 h
cs	me
cs	íc
cs	 je
cs	ie
cs	il
cs	ě 
cs	vo
cs	 se
cs	t 
cs	is
cs	 ro
cs	ad
cs	 ka
cs	ím
cs	př
cs	de
cs	es
cs	dn
cs	on
cs	ná
cs	ze
cs	 st
cs	ké
cs	it
cs	ku
cs	k 
cs	ec
cs	 př
cs	tr
cs	ej
cs	et
cs	ie 
cs	by
cs	ak
cs	 ne
cs	ší
cs	á 
cs	 č
cs	ate
cs	so
cs	n 
cs	za
cs	rá
cs	 do
cs	se 
cs	án
cs	vá
cs	ost
cs	ho 
cs	ma
cs	s 
cs	am
cs	ot
cs	vy
cs	ý 
cs	pro
cs	ou 
cs	ori
cs	ok
cs	pa
cs	vi
cs	ří
cs	tu
cs	sta
cs	go
cs	em 
cs	ů 
cs	oz
cs	sl
cs	eg
cs	 f
cs	rie
cs	če
cs	la 
cs	na 
cs	je 
cs	 c
cs	 u
cs	kat
cs	mo
cs	as
cs	om
cs	vě
cs	ší 
cs	ěj
cs	 za
cs	mi 
cs	ál
cs	ter
cs	 na
cs	vý
cs	oc
cs	ích
cs	ck
cs	d 
cs	 by
cs	cí
cs	di
cs	ru
cs	gor
cs	yl
cs	kt
cs	teg
cs	ké 
cs	ego
cs	ci
cs	da
cs	bo
cs	nt
cs	ky
cs	 vy
cs	tí
sk	a 
sk	 p
sk	e 
sk	 v
sk	 s
sk	ov
sk	o 
sk	st
sk	 a
sk	i 
sk	 n
sk	v 
sk	 k
sk	u 
sk	ro
sk	 o
sk	ch
sk	na
sk	en
sk	po
sk	pr
sk	te
sk	ie
sk	 z
sk	ri
sk	re
sk	ko
sk	y 
sk	ra
sk	 m
sk	ia
sk	sk
sk	to
sk	 pr
sk	m 
sk	ne
sk	an
sk	 po
sk	 d
sk	 r
sk	or
sk	ka
sk	 v 
sk	al
sk	od
sk	h 
sk	at
sk	ob
sk	je
sk	ni
sk	lo
sk	ch 
sk	 na
sk	la
sk	er
sk	ol
sk	va
sk	 b
sk	ho
sk	li
sk	om
sk	vo
sk	ve
sk	 j
sk	j 
sk	 a 
sk	ti
sk	 t
sk	me
sk	no
sk	é 
sk	mi
sk	ta
sk	in
sk	l 
sk	do
sk	ci
sk	os
sk	ok
sk	na 
sk	ia 
sk	ed
sk	le
sk	ej
sk	ý 
sk	tr
sk	ar
sk	es
sk	 ob
sk	bo
sk	á 
sk	am
sk	aj
sk	ku
sk	ic
sk	de
sk	ad
sk	 je
sk	kt
sk	 h
sk	ná
sk	né
sk	om 
sk	ie 
sk	ej 
sk	í 
sk	el
sk	as
sk	av
sk	 ro
sk	ov 
sk	is
sk	ný
sk	je 
sk	k 
sk	ak
sk	rá
sk	s 
sk	il
sk	ma
sk	em
sk	ate
sk	za
sk	et
sk	 ka
sk	be
sk	ec
sk	sl
sk	ce
sk	vi
sk	né 
sk	vý
sk	oj
sk	di
sk	pre
sk	dn
sk	on
sk	oz
sk	ne 
sk	ho 
sk	tor
sk	ku 
sk	ek
sk	ria
sk	oc
sk	ck
sk	it
sk	r 
sk	mi 
sk	mo
sk	 do
sk	 bo
sk	ýc
sk	 f
sk	pa
sk	ých
sk	 st
sk	sta
sk	vy
sk	 c
sk	 l
sk	ke
sk	 i
sk	ova
sk	d 
sk	ost
sk	ou
sk	 č
sk	ka 
sk	br
sk	eg
sk	la 
sk	ky
sk	kr
sk	nt
sk	ac
sk	ť 
sk	ns
sk	 u
sk	ot
sk	 ma
sk	n 
sk	so
sk	ór
sk	kat
sk	se
sk	kto
sk	 za
sk	óri
sk	str
sk	rok
sk	sp
sk	ký
sk	ru
sk	ou 
sk	da
sk	ko 
sk	ove
sk	nsk
sk	gó
hu	a 
hu	t 
hu	sz
hu	 a
hu	l 
hu	 k
hu	el
hu	n 
hu	te
hu	k 
hu	et
hu	ek
hu	 a 
hu	 m
hu	en
hu	 s
hu	s 
hu	eg
hu	er
hu	at
hu	 e
hu	gy
hu	le
hu	ok
hu	 t
hu	ak
hu	i 
hu	al
hu	és
hu	an
hu	 v
hu	ze
hu	tt
hu	 sz
hu	 f
hu	ké
hu	ka
hu	ol
hu	ál
hu	e 
hu	re
hu	me
hu	ta
hu	rt
hu	nt
hu	or
hu	 é
hu	es
hu	ba
hu	 h
hu	én
hu	be
hu	 n
hu	to
hu	g 
hu	lt
hu	ér
hu	on
hu	ne
hu	ny
hu	la
hu	ár
hu	ri
hu	ke
hu	ko
hu	ra
hu	ar
hu	ól
hu	ás
hu	 b
hu	tá
hu	em
hu	ve
hu	kk
hu	ia
hu	ól 
hu	en 
hu	 l
hu	án
hu	ez
hu	os
hu	na
hu	ik
hu	sze
hu	ig
hu	ki
hu	ro
hu	ma
hu	kb
hu	se
hu	y 
hu	in
hu	so
hu	kö
hu	an 
hu	ek 
hu	té
hu	rt 
hu	ye
hu	egy
hu	és 
hu	 p
hu	sa
hu	ly
hu	z 
hu	is
hu	nt 
hu	él
hu	tt 
hu	ti
hu	ll
hu	ag
hu	zt
hu	vá
hu	ha
hu	 ka
hu	ért
hu	ül
hu	oz
hu	tó
hu	r 
hu	ig 
hu	ho
hu	lá
hu	 r
hu	li
hu	ől
hu	kat
hu	 és
hu	 j
hu	ég
hu	 i
hu	us
hu	ől 
hu	má
hu	ban
hu	 me
hu	cs
hu	va
hu	zá
hu	ett
hu	 el
hu	ot
hu	ai
hu	kr
hu	za
hu	 kö
hu	bb
hu	sé
hu	ele
hu	ág
hu	 c
hu	ák
hu	kén
hu	de
hu	ak 
hu	st
hu	as
hu	ént
hu	vo
hu	ad
hu	mi
hu	he
hu	fe
hu	ná
hu	rá
hu	né
hu	sá
hu	ró
hu	 eg
hu	gó
hu	let
hu	át
hu	ap
hu	tő
hu	ge
hu	ere
hu	nd
hu	ór
hu	 g
hu	áb
hu	ete
hu	ss
hu	 o
hu	da
hu	am
hu	kn
hu	 d
hu	öz
hu	gy 
hu	 vo
hu	zet
hu	olt
hu	je
hu	 ma
hu	il
hu	lé
hu	 te
hu	ni
hu	lo
ro	i 
ro	e 
ro	se
ro	ri
ro	er
ro	 c
ro	ră
ro	a 
ro	 d
ro	 a
ro	 p
ro	in
ro	re
ro	ți
ro	te
ro	ul
ro	ar
ro	ă 
ro	or
ro	m 
ro	de
ro	 s
ro	st
ro	le
ro	at
ro	as
ro	 l
ro	 r
ro	și
ro	li
ro	is
ro	ta
ro	 de
ro	 f
ro	ur
ro	ser
ro	n 
ro	ra
ro	și 
ro	ți 
ro	eră
ro	le 
ro	ca
ro	ea
ro	es
ro	pr
ro	ase
ro	 î
ro	 m
ro	t 
ro	l 
ro	ma
ro	an
ro	lu
ro	nt
ro	în
ro	co
ro	 în
ro	ie
ro	en
ro	ni
ro	it
ro	tu
ro	ăm
ro	ro
ro	il
ro	al
ro	de 
ro	ic
ro	on
ro	ia
ro	tr
ro	us
ro	ce
ro	u 
ro	di
ro	r 
ro	ti
ro	ăm 
ro	ăț
ro	lo
ro	 e
ro	cu
ro	ăți
ro	ne
ro	 pr
ro	la
ro	răm
ro	el
ro	em
ro	ui
ro	răț
ro	 co
ro	un
ro	 i
ro	ul 
ro	pe
ro	o 
ro	im
ro	ru
ro	te 
ro	ră 
ro	om
ro	use
ro	 ca
ro	na
ro	ec
ro	ist
ro	eș
ro	 o
ro	 t
ro	me
ro	ii
ro	ân
ro	în 
ro	nu
ro	ate
ro	aț
ro	or 
ro	nd
ro	to
ro	ci
ro	 re
ro	ară
ro	 ș
ro	ai
ro	 di
ro	pu
ro	ule
ro	 a 
ro	mi
ro	am
ro	 b
ro	au
ro	du
ro	 li
ro	ori
ro	ui 
ro	ez
ro	ie 
ro	lui
ro	eg
ro	uri
ro	io
ro	lor
ro	 și
ro	ați
ro	su
ro	pa
ro	sta
ro	tă
ro	fi
ro	ol
ro	ai 
ro	ac
ro	ea 
ro	eși
ro	 u
ro	ise
ro	pri
ro	con
ro	seș
ro	nț
ro	fu
ro	in 
ro	 n
ro	sc
ro	ns
ro	ii 
ro	 pe
ro	lis
ro	din
ro	eri
ro	em 
ro	ei
ro	sem
ro	 v
ro	zi
ro	fo
ro	da
ro	tul
ro	 fu
ro	po
ro	re 
ro	si
ro	 ma
ro	ese
ro	ri 
ro	ent
ro	are
ro	ulu
ro	rm
ro	sa
ro	ve
ro	nc
ro	ut
ro	ir
ro	 in
ro	că
ro	ep
hr	a 
hr	e 
hr	je
hr	i 
hr	u 
hr	na
hr	 p
hr	ij
hr	 i
hr	o 
hr	 s
hr	ni
hr	 n
hr	ra
hr	ko
hr	je 
hr	st
hr	 k
hr	an
hr	ma
hr	no
hr	om
hr	 u
hr	 o
hr	ri
hr	 na
hr	po
hr	im
hr	m 
hr	 j
hr	ov
hr	ka
hr	ja
hr	sk
hr	en
hr	ti
hr	 d
hr	ta
hr	li
hr	od
hr	at
hr	va
hr	in
hr	 je
hr	or
hr	pr
hr	la
hr	 po
hr	re
hr	ije
hr	ma 
hr	 a
hr	nj
hr	aj
hr	 i 
hr	vi
hr	na 
hr	oj
hr	ro
hr	 r
hr	 pr
hr	ne
hr	ji
hr	di
hr	 u 
hr	lj
hr	 z
hr	al
hr	go
hr	os
hr	te
hr	 b
hr	vo
hr	 m
hr	og
hr	 t
hr	ar
hr	av
hr	ja 
hr	ad
hr	ima
hr	to
hr	za
hr	lo
hr	 v
hr	ve
hr	do
hr	 g
hr	me
hr	om 
hr	er
hr	nij
hr	ol
hr	ki
hr	em
hr	el
hr	is
hr	ed
hr	ju
hr	da
hr	n 
hr	iz
hr	 ka
hr	eg
hr	il
hr	et
hr	naj
hr	on
hr	ni 
hr	ak
hr	 za
hr	 ko
hr	tr
hr	ne 
hr	ija
hr	ik
hr	it
hr	ga
hr	bi
hr	rij
hr	sta
hr	as
hr	 do
hr	g 
hr	s 
hr	am
hr	mu
hr	ih
hr	iv
hr	j 
hr	ka 
hr	d 
hr	h 
hr	es
hr	dn
hr	ru
hr	ori
hr	ob
hr	gr
hr	 l
hr	mo
hr	le
hr	ih 
hr	nje
hr	 iz
hr	ke
hr	sa
hr	ič
hr	jo
hr	 h
hr	mu 
hr	sko
hr	pa
hr	 a 
hr	ski
hr	ku
hr	ot
hr	 st
hr	 ra
hr	az
hr	kom
hr	ju 
hr	ek
hr	ti 
hr	vn
hr	ovi
hr	op
hr	r 
hr	io
hr	no 
hr	sl
hr	ost
hr	 od
hr	koj
hr	ke 
hr	anj
hr	mi
hr	 e
hr	rad
hr	oj 
hr	va 
hr	ji 
hr	t 
hr	ok
hr	si
hr	la 
hr	zi
hr	bo
hr	ir
hr	iji
hr	im 
hr	ns
hr	lje
hr	tu
hr	kr
hr	nom
hr	dr
hr	ga 
hr	og 
hr	sv
bs	a 
bs	e 
bs	i 
bs	je
bs	ij
bs	na
bs	u 
bs	 p
bs	 n
bs	 i
bs	ni
bs	 s
bs	o 
bs	ko
bs	ra
bs	om
bs	an
bs	ma
bs	 k
bs	st
bs	no
bs	je 
bs	 na
bs	ri
bs	im
bs	 o
bs	m 
bs	po
bs	sk
bs	at
bs	ka
bs	ja
bs	ov
bs	 u
bs	en
bs	ti
bs	ta
bs	va
bs	 d
bs	aj
bs	in
bs	ma 
bs	li
bs	re
bs	or
bs	 j
bs	od
bs	nj
bs	 po
bs	pr
bs	ije
bs	te
bs	og
bs	 a
bs	la
bs	na 
bs	ima
bs	 je
bs	vi
bs	 i 
bs	ro
bs	ja 
bs	go
bs	al
bs	lj
bs	 r
bs	 m
bs	 pr
bs	av
bs	ji
bs	oj
bs	ne
bs	er
bs	 v
bs	to
bs	me
bs	lo
bs	om 
bs	 b
bs	os
bs	do
bs	di
bs	eg
bs	nij
bs	 t
bs	 u 
bs	 ka
bs	vo
bs	za
bs	ga
bs	ar
bs	ki
bs	ve
bs	ija
bs	is
bs	 z
bs	em
bs	ad
bs	naj
bs	ju
bs	 g
bs	ol
bs	ed
bs	rij
bs	ak
bs	mu
bs	g 
bs	da
bs	il
bs	sko
bs	on
bs	as
bs	n 
bs	tr
bs	 do
bs	 ko
bs	el
bs	ori
bs	iv
bs	sa
bs	anj
bs	et
bs	ne 
bs	jo
bs	ga 
bs	mu 
bs	sta
bs	kom
bs	it
bs	am
bs	ni 
bs	iz
bs	ih
bs	js
bs	 l
bs	bi
bs	 za
bs	ek
bs	ski
bs	ik
bs	h 
bs	j 
bs	kat
bs	ob
bs	vn
bs	ič
bs	d 
bs	ih 
bs	ka 
bs	dn
bs	ego
bs	mi
bs	van
bs	nje
bs	 e
bs	le
bs	nom
bs	ome
bs	az
bs	mo
bs	jsk
bs	ok
bs	iji
bs	zn
bs	es
bs	ijo
bs	ru
bs	me 
bs	va 
bs	si
bs	ate
bs	ju 
bs	sl
bs	ovi
bs	 h
bs	ot
bs	 st
bs	de
bs	ti 
bs	gor
bs	 od
bs	oj 
bs	ku
bs	oz
bs	ir
bs	io
bs	ji 
bs	r 
bs	op
bs	oga
bs	zi
bs	no 
bs	ost
bs	tu
bs	 sa
bs	 ra
bs	im 
bs	se
bs	omu
bs	gr
et	a 
et	e 
et	te
et	 k
et	s 
et	st
et	se
et	ta
et	is
et	i 
et	at
et	as
et	t 
et	ri
et	es
et	li
et	el
et	si
et	al
et	de
et	d 
et	 v
et	us
et	oo
et	 t
et	 a
et	 s
et	ja
et	ka
et	ma
et	ks
et	in
et	ni
et	le
et	aa
et	en
et	id
et	an
et	ik
et	it
et	 m
et	 p
et	va
et	l 
et	il
et	 ka
et	ate
et	na
et	 j
et	ia
et	ku
et	 l
et	ad
et	eg
et	 e
et	or
et	se 
et	tu
et	sa
et	et
et	ti
et	la
et	ko
et	mi
et	ai
et	ar
et	me
et	nd
et	ee
et	lt
et	ud
et	 o
et	ol
et	ne
et	ii
et	da
et	st 
et	ks 
et	teg
et	lt 
et	ta 
et	ra
et	ast
et	im
et	ss
et	ak
et	ei
et	ori
et	kat
et	nu
et	oor
et	ria
et	ja 
et	ga
et	go
et	 ja
et	er
et	le 
et	am
et	ul
et	sta
et	u 
et	em
et	ist
et	goo
et	ego
et	 r
et	ts
et	uu
et	sse
et	 n
et	ni 
et	ek
et	su
et	gu
et	on
et	id 
et	re
et	est
et	 va
et	na 
et	ide
et	ed
et	is 
et	ut
et	ll
et	es 
et	ke
et	nn
et	õi
et	ki
et	di
et	 ko
et	 sa
et	uk
et	un
et	te 
et	ade
et	ite
et	du
et	eta
et	ste
et	 h
et	el 
et	 ku
et	lu
et	ksi
et	võ
et	 te
et	ng
et	aj
et	aas
et	gi
et	av
et	ust
et	ud 
et	ve
et	ga 
et	ise
et	use
et	aks
et	as 
et	ge
et	elt
et	mis
et	vi
et	 võ
et	ime
et	ur
et	sti
et	 ma
et	 ta
et	eks
et	aja
et	n 
et	he
et	ti 
et	 i
et	 aa
et	val
et	ju
et	ir
et	ig
et	tel
et	lis
et	us 
et	del
et	om
et	pi
et	mu
et	eni
et	 se
et	är
et	või
et	pe
et	ele
et	to
et	uks
et	des
et	oli
lv	s 
lv	ie
lv	a 
lv	as
lv	u 
lv	 p
lv	as 
lv	ka
lv	 s
lv	ja
lv	 a
lv	 k
lv	ā 
lv	 v
lv	i 
lv	st
lv	is
lv	ar
lv	at
lv	ij
lv	m 
lv	 i
lv	vi
lv	ai
lv	ga
lv	 d
lv	ri
lv	ti
lv	es
lv	ta
lv	ra
lv	ija
lv	 g
lv	 t
lv	tā
lv	 l
lv	sa
lv	la
lv	 n
lv	ad
lv	en
lv	da
lv	li
lv	em
lv	ma
lv	pa
lv	ja 
lv	au
lv	r 
lv	va
lv	al
lv	te
lv	dz
lv	 m
lv	no
lv	āk
lv	 ga
lv	an
lv	 vi
lv	jā
lv	ās
lv	 ka
lv	ir
lv	 b
lv	am
lv	t 
lv	ni
lv	ās 
lv	in
lv	es 
lv	or
lv	sk
lv	os
lv	pi
lv	 pa
lv	us
lv	zi
lv	tu
lv	er
lv	nā
lv	ot
lv	kā
lv	 r
lv	iz
lv	na
lv	tr
lv	ek
lv	et
lv	 no
lv	iem
lv	um
lv	im
lv	ik
lv	si
lv	ko
lv	aj
lv	mi
lv	o 
lv	ju
lv	to
lv	ku
lv	ci
lv	gad
lv	ro
lv	re
lv	mu
lv	 sa
lv	jas
lv	ār
lv	ša
lv	rī
lv	rā
lv	it
lv	ēj
lv	el
lv	il
lv	ru
lv	is 
lv	ba
lv	ve
lv	os 
lv	on
lv	em 
lv	ei
lv	ts
lv	kat
lv	uš
lv	ur
lv	 at
lv	tī
lv	 ie
lv	 pi
lv	dā
lv	sp
lv	 dz
lv	me
lv	ām
lv	ar 
lv	di
lv	eg
lv	pē
lv	 ar
lv	āt
lv	ol
lv	ai 
lv	 iz
lv	rij
lv	ks
lv	e 
lv	bi
lv	 va
lv	us 
lv	āj
lv	am 
lv	ne
lv	iet
lv	ām 
lv	ska
lv	nt
lv	īb
lv	vie
lv	dzi
lv	de
lv	ap
lv	ta 
lv	īg
lv	lī
lv	id
lv	lā
lv	 u
lv	vis
lv	ts 
lv	ed
lv	vē
lv	 la
lv	ori
lv	go
lv	pr
lv	mā
lv	ien
lv	ak
lv	 j
lv	ce
lv	nie
lv	 f
lv	oj
lv	iek
lv	ēt
lv	 ir
lv	rs
lv	 c
lv	ir 
lv	āka
lv	do
lv	jā 
lv	ji
lv	ate
lv	tie
lv	ies
lv	ls
lt	s 
lt	ia
lt	in
lt	o 
lt	si
lt	os
lt	ai
lt	ni
lt	au
lt	 p
lt	as
lt	i 
lt	ie
lt	us
lt	 k
lt	e 
lt	is
lt	ri
lt	 v
lt	 s
lt	a 
lt	li
lt	en
lt	ka
lt	as 
lt	io
lt	ta
lt	ti
lt	ų 
lt	al
lt	ar
lt	os 
lt	vi
lt	es
lt	ra
lt	 a
lt	is 
lt	iau
lt	ij
lt	ja
lt	aus
lt	uo
lt	an
lt	 t
lt	na
lt	usi
lt	va
lt	pa
lt	st
lt	jo
lt	ai 
lt	 ka
lt	oj
lt	te
lt	ma
lt	mi
lt	 m
lt	ik
lt	iu
lt	sn
lt	at
lt	 vi
lt	am
lt	 b
lt	esn
lt	 d
lt	 pa
lt	to
lt	da
lt	om
lt	 l
lt	ki
lt	se
lt	 g
lt	 n
lt	nt
lt	et
lt	vie
lt	er
lt	 r
lt	im
lt	ini
lt	me
lt	or
lt	je
lt	us 
lt	ne
lt	ien
lt	 i
lt	la
lt	no
lt	ės
lt	di
lt	tu
lt	je 
lt	ko
lt	sni
lt	on
lt	u 
lt	mo
lt	vo
lt	ro
lt	nia
lt	ei
lt	se 
lt	ių
lt	re
lt	či
lt	pr
lt	ė 
lt	sio
lt	av
lt	ur
lt	ži
lt	ą 
lt	ių 
lt	ir
lt	ga
lt	tin
lt	iai
lt	ės 
lt	sia
lt	nė
lt	pi
lt	ve
lt	ijo
lt	ja 
lt	ose
lt	 ž
lt	sa
lt	uos
lt	iš
lt	it
lt	ms
lt	 pr
lt	 va
lt	nk
lt	ios
lt	gi
lt	ms 
lt	io 
lt	 š
lt	ija
lt	ng
lt	tr
lt	rt
lt	uv
lt	ali
lt	su
lt	il
lt	osi
lt	el
lt	ad
lt	ap
lt	ku
lt	nu
lt	jos
lt	ais
lt	ori
lt	kar
lt	ba
lt	 j
lt	iet
lt	 su
lt	do
lt	ėj
lt	ant
lt	go
lt	oje
lt	le
lt	em
lt	ak
lt	ol
lt	po
lt	id
lt	iuo
lt	ci
lt	vo 
lt	rij
lt	nd
lt	 da
lt	sk
lt	mas
lt	tas
lt	ru
lt	 ta
lt	 li
lt	uvo
lt	eni
lt	ek
lt	lo
lt	nes
lt	ši
lt	ius
lt	sta
lt	aj
lt	bu
lt	kl
lt	 iš
lt	ge
ms	an
ms	n 
ms	a 
ms	an 
ms	i 
ms	er
ms	ka
ms	ng
ms	 d
ms	la
ms	 p
ms	 k
ms	 m
ms	 s
ms	en
ms	da
ms	ra
ms	ta
ms	ar
ms	ah
ms	di
ms	 b
ms	at
ms	me
ms	h 
ms	se
ms	 t
ms	ga
ms	pa
ms	pe
ms	ba
ms	te
ms	 me
ms	al
ms	ma
ms	in
ms	ak
ms	 di
ms	 pe
ms	ri
ms	 se
ms	kan
ms	un
ms	am
ms	ke
ms	 a
ms	ah 
ms	sa
ms	as
ms	k 
ms	ang
ms	ia
ms	em
ms	 ke
ms	na
ms	el
ms	be
ms	ad
ms	g 
ms	ng 
ms	ha
ms	t 
ms	ya
ms	si
ms	ala
ms	ai
ms	 te
ms	r 
ms	ti
ms	u 
ms	li
ms	men
ms	ada
ms	ua
ms	 be
ms	tu
ms	uk
ms	di 
ms	ik
ms	eb
ms	eng
ms	nt
ms	 ka
ms	m 
ms	nga
ms	 da
ms	 l
ms	s 
ms	ri 
ms	ru
ms	le
ms	ja
ms	 i
ms	per
ms	ara
ms	ny
ms	ber
ms	 pa
ms	da 
ms	ter
ms	ran
ms	era
ms	or
ms	at 
ms	nd
ms	bu
ms	ni
ms	 ba
ms	tan
ms	wa
ms	gan
ms	ela
ms	il
ms	 j
ms	is
ms	lah
ms	aka
ms	 r
ms	pad
ms	mb
ms	nya
ms	ag
ms	ata
ms	ap
ms	it
ms	pu
ms	es
ms	ol
ms	ya 
ms	ju
ms	ut
ms	mu
ms	mp
ms	l 
ms	 ma
ms	ai 
ms	pen
ms	de
ms	ari
ms	eg
ms	seb
ms	et
ms	ama
ms	ak 
ms	ek
ms	au
ms	lu
ms	ay
ms	am 
ms	asa
ms	on
ms	ur
ms	ban
ms	lam
ms	kat
ms	 u
ms	ra 
ms	ul
ms	ir
ms	ko
ms	dal
ms	ku
ms	um
ms	 h
ms	ar 
ms	dar
ms	ia 
ms	ep
ms	du
ms	e 
ms	 ta
ms	bi
ms	 in
ms	aw
ms	go
ms	aha
ms	id
ms	eba
ms	ne
ms	awa
ms	us
ms	ing
ms	gi
ms	su
ms	rt
ms	mer
ms	uk 
ms	 n
ms	re
ms	ana
ms	ki
ms	lan
ms	un 
ms	eri
ms	hi
ms	 o
ms	 la
ms	 c
ms	im
ms	ab
id	an
id	n 
id	ka
id	a 
id	an 
id	i 
id	 k
id	er
id	la
id	ng
id	en
id	ah
id	 m
id	 d
id	ta
id	 p
id	 s
id	ar
id	h 
id	da
id	kan
id	at
id	me
id	ra
id	 t
id	ga
id	te
id	ah 
id	al
id	ri
id	 b
id	 me
id	in
id	se
id	ba
id	di
id	ak
id	si
id	un
id	pa
id	pe
id	as
id	 ka
id	ma
id	sa
id	ku
id	lah
id	ang
id	 se
id	 a
id	am
id	na
id	t 
id	ik
id	k 
id	em
id	be
id	 pe
id	tu
id	ke
id	au
id	il
id	ad
id	ya
id	li
id	 di
id	men
id	ai
id	 te
id	ti
id	uk
id	s 
id	g 
id	ut
id	el
id	ng 
id	nt
id	r 
id	is
id	 ke
id	 ku
id	ter
id	eng
id	ri 
id	ia
id	ha
id	kau
id	ny
id	ala
id	ni
id	nga
id	ada
id	ua
id	ja
id	 be
id	 da
id	 l
id	at 
id	us
id	eb
id	u 
id	re
id	or
id	ru
id	ber
id	bu
id	nya
id	ul
id	de
id	it
id	ara
id	ur
id	es
id	per
id	l 
id	si 
id	ya 
id	 pa
id	gan
id	aka
id	ap
id	wa
id	ag
id	nd
id	ari
id	 i
id	ika
id	ran
id	le
id	ata
id	m 
id	mi
id	 ba
id	on
id	mb
id	lu
id	 r
id	da 
id	tan
id	ki
id	asi
id	era
id	ai 
id	mu
id	um
id	ol
id	ek
id	ela
id	 u
id	 j
id	su
id	up
id	mp
id	et
id	seb
id	ju
id	dal
id	ila
id	pu
id	ir
id	 ta
id	du
id	rt
id	ca
id	 de
id	dar
id	ko
id	 h
id	kat
id	ing
id	ung
id	eri
id	ama
id	gi
id	pad
id	ak 
id	pen
id	ar 
id	e 
id	 ma
id	gg
id	 in
id	gk
id	ngg
id	uk 
id	ngk
id	eg
id	ra 
id	ntu
id	hi
id	asa
id	 sa
id	ni 
id	ro
id	lam
id	bag
id	 o
id	mem
id	st
id	gu
sw	i 
sw	a 
sw	am
sw	ak
sw	na
sw	mi
sw	ami
sw	ja
sw	ii
sw	jam
sw	mii
sw	wa
sw	ii 
sw	ku
sw	ka
sw	ha
sw	aj
sw	aka
sw	aja
sw	nak
sw	at
sw	 h
sw	ni
sw	aku
sw	uw
sw	 n
sw	 m
sw	pa
sw	 k
sw	kuw
sw	ta
sw	kat
sw	tu
sw	e 
sw	ch
sw	 ha
sw	wa 
sw	 t
sw	kam
sw	uwa
sw	un
sw	ata
sw	pak
sw	ma
sw	una
sw	ma 
sw	ama
sw	 ni
sw	 ku
sw	 tu
sw	an
sw	ap
sw	la
sw	ta 
sw	cha
sw	in
sw	apa
sw	 a
sw	ni 
sw	za
sw	 na
sw	 w
sw	 wa
sw	ul
sw	naj
sw	ya
sw	ha 
sw	ina
sw	mn
sw	 mn
sw	mna
sw	tun
sw	nin
sw	la 
sw	we
sw	ana
sw	 u
sw	uwe
sw	uj
sw	en
sw	waj
sw	uja
sw	hu
sw	hi
sw	eni
sw	 hu
sw	li
sw	uc
sw	uch
sw	ac
sw	ach
sw	al
sw	kul
sw	si
sw	ut
sw	aw
sw	awa
sw	to
sw	ula
sw	az
sw	kw
sw	hat
sw	 kw
sw	 z
sw	kwa
sw	 v
sw	 za
sw	zam
sw	kut
sw	atu
sw	aza
sw	vy
sw	ham
sw	uto
sw	taz
sw	 vy
sw	vya
sw	ti
sw	 un
sw	haw
sw	mu
sw	wak
sw	kuc
sw	hi 
sw	 s
sw	me
sw	mw
sw	 l
sw	li 
sw	 mw
sw	mwa
sw	te
sw	wen
sw	 mu
sw	ame
sw	 la
sw	 p
sw	 y
sw	ati
sw	muw
sw	we 
sw	ti 
sw	 ya
sw	mi 
sw	uk
sw	 si
sw	 pa
sw	na 
sw	 an
sw	tw
sw	twa
sw	le
sw	 tw
sw	ate
sw	sa
sw	 c
sw	as
sw	 ch
sw	nap
sw	me 
sw	te 
sw	wan
sw	chi
sw	uka
sw	ij
sw	mj
sw	haj
sw	up
sw	ija
sw	tuj
sw	yaj
sw	mja
sw	wap
sw	he
sw	upa
sw	ala
sw	le 
sw	san
sw	che
sw	ik
sw	wac
sw	ali
sw	ah
sw	di
sw	it
sw	ok
sw	ad
sw	tok
sw	ini
sw	asa
sw	 j
sw	uli
sw	he 
sw	wal
sw	il
sw	 ja
sw	pap
sw	tul
sw	ika
sw	kun
tl	an
tl	pa
tl	ng
tl	a 
tl	g 
tl	ng 
tl	na
tl	 n
tl	ag
tl	ang
tl	n 
tl	ap
tl	 na
tl	sa
tl	 m
tl	ka
tl	la
tl	apa
tl	in
tl	 s
tl	an 
tl	ma
tl	pag
tl	ga
tl	al
tl	 a
tl	 p
tl	 i
tl	ay
tl	ba
tl	o 
tl	ta
tl	 sa
tl	sa 
tl	 ng
tl	ik
tl	 ma
tl	at
tl	gp
tl	agp
tl	ai
tl	gpa
tl	ak
tl	 k
tl	ip
tl	il
tl	as
tl	on
tl	it
tl	ina
tl	y 
tl	 pa
tl	li
tl	ay 
tl	ab
tl	na 
tl	 an
tl	ya
tl	pap
tl	un
tl	ni
tl	am
tl	ha
tl	 b
tl	ala
tl	ar
tl	si
tl	is
tl	 ka
tl	ga 
tl	pi
tl	ipa
tl	ika
tl	ki
tl	nai
tl	mg
tl	mga
tl	 mg
tl	ila
tl	nap
tl	aba
tl	ata
tl	ra
tl	aa
tl	t 
tl	da
tl	ah
tl	 t
tl	s 
tl	pan
tl	i 
tl	no
tl	lo
tl	ti
tl	ong
tl	aw
tl	ali
tl	pin
tl	ul
tl	ana
tl	to
tl	 ay
tl	san
tl	kap
tl	aka
tl	bi
tl	wa
tl	la 
tl	aga
tl	e 
tl	or
tl	 l
tl	yo
tl	lan
tl	su
tl	ad
tl	gan
tl	nan
tl	d 
tl	bay
tl	ama
tl	aha
tl	 si
tl	hi
tl	ing
tl	ri
tl	 ba
tl	nag
tl	 h
tl	han
tl	tan
tl	ya 
tl	 d
tl	asa
tl	yan
tl	on 
tl	it 
tl	mi
tl	nak
tl	gi
tl	aik
tl	aki
tl	tu
tl	l 
tl	 is
tl	ro
tl	 ip
tl	to 
tl	r 
tl	aan
tl	 pi
tl	aip
tl	isa
tl	k 
tl	iy
tl	 e
tl	kan
tl	pab
tl	ara
tl	ig
tl	awa
tl	gg
tl	er
tl	re
tl	bu
tl	mu
tl	im
tl	ipi
tl	ib
tl	od
tl	nt
tl	lu
tl	aya
tl	ko
tl	ita
tl	mai
tl	pat
tl	ol
tl	um
tl	ii
tl	iki
tl	te
tl	gs
tl	yon
tl	ula
tl	nga
tl	sun
tl	ani
tl	pas
tl	as 
tl	go
tl	di
tl	kat
tl	ngg
tl	od 
tl	lal
tl	nil
tl	 ni
tl	es
tl	ito
ru	и 
ru	 п
ru	а 
ru	 в
ru	 с
ru	ст
ru	е 
ru	ра
ru	на
ru	о 
ru	ни
ru	ен
ru	я 
ru	но
ru	ко
ru	ов
ru	в 
ru	го
ru	ро
ru	 к
ru	й 
ru	ан
ru	 и
ru	ор
ru	м 
ru	те
ru	ер
ru	 о
ru	по
ru	 н
ru	то
ru	ре
ru	од
ru	ри
ru	ка
ru	та
ru	ск
ru	ос
ru	ал
ru	пр
ru	ва
ru	 в 
ru	 по
ru	ли
ru	 г
ru	ат
ru	ле
ru	ол
ru	ль
ru	ом
ru	 д
ru	во
ru	х 
ru	 р
ru	ми
ru	 м
ru	он
ru	ия
ru	ны
ru	ин
ru	 пр
ru	ел
ru	не
ru	ти
ru	ве
ru	ам
ru	ес
ru	ю 
ru	ла
ru	да
ru	 б
ru	ог
ru	ар
ru	 на
ru	от
ru	ы 
ru	 а
ru	ет
ru	ки
ru	ис
ru	ме
ru	ь 
ru	ит
ru	 т
ru	ав
ru	ло
ru	де
ru	ой
ru	ас
ru	ия 
ru	тр
ru	со
ru	на 
ru	т 
ru	нн
ru	у 
ru	ма
ru	ой 
ru	за
ru	ие
ru	ем
ru	им
ru	го 
ru	ед
ru	 и 
ru	ил
ru	ско
ru	об
ru	до
ru	 го
ru	ени
ru	 з
ru	че
ru	ми 
ru	ви
ru	ик
ru	н 
ru	 ка
ru	 у
ru	ди
ru	се
ru	ост
ru	тв
ru	 ко
ru	пе
ru	мо
ru	из
ru	л 
ru	ого
ru	ег
ru	ий
ru	ом 
ru	ак
ru	ру
ru	ей
ru	 ч
ru	бо
ru	ии
ru	ани
ru	к 
ru	 со
ru	ии 
ru	ив
ru	ств
ru	ци
ru	ах
ru	ев
ru	ста
ru	 л
ru	аз
ru	 ра
ru	 за
ru	ния
ru	ьн
ru	льн
ru	ир
ru	си
ru	с 
ru	год
ru	сс
ru	ок
ru	ов 
ru	же
ru	его
ru	ся
ru	ад
ru	вы
ru	про
ru	ате
ru	ча
ru	ич
ru	ова
ru	ек
ru	ори
ru	ий 
ru	гр
ru	 ф
ru	са
ru	па
ru	ою
ru	ся 
ru	тор
ru	ля
ru	ие 
ru	нт
ru	сл
ru	гор
ru	ах 
ru	ою 
ru	ть
ru	ест
ru	ски
ru	енн
ru	нс
ru	при
ru	ая
ru	 во
ru	сп
ru	ров
ru	да 
