word	pos_values
a	character
abad	noun
abadiy	adj
abadiyat	noun
abadiylashtirmoq	verb
abbreviatura	noun
abdullaev	name
abdullayev	name
aberratsiya	noun
ablah	adj
abzal	noun
achchiq	adj
achimsiq	adj
achinarli	adj
adab	noun
adabiy	adj
adabiyot	noun
adabiyotshunoslik	noun
adaptatsiya	noun
adash	noun
adashmoq	verb
adiabatik	adj
adirna	name
adolat	noun
adolatsiz	adj
adolatsizlik	noun
adyol	noun
aeroplan	noun
afgʻon	noun
afgʻoniston	name
aflotun	name
afrika	name
afsona	noun
afsonaviy	adj
afyun	noun
agar	conj
ahamiyat	noun
ahamiyatli	adj
ahl	noun
ahmoq	adj,noun
ahmoqlik	noun
aholi	noun
ahvol	noun
ajab	adj
ajal	noun
ajam	noun
ajdarho	noun
ajdod	noun
ajoyib	adj
ajratmoq	verb
aka	noun
aka-singil	noun
aka-uka	noun
akademiya	noun
akrobatika	noun
aks	adj
aksar	noun
aksariyat	noun
aksincha	conj
aksirmoq	verb
aktrisa	noun
aktyor	noun
akula	noun
akupunktura	noun
alabuta	noun
alam	noun
alayh	prep_phrase
alayhissalom	phrase
alayhossalom	phrase
alban	noun
albaniya	name
albatta	adv
albom	noun
alfavit	noun
algoritm	noun
alif	noun
alifbo	noun
alijon	name
alijonov	name
alisher	name
alkogolizm	noun
allergiya	noun
alloh	name
alomat	noun
aloqa	noun
alouddin	name
amaliyot	noun
amerika	name
amerikalik	noun
amfetamin	noun
amina	name
amir	noun
amirlik	noun
ammo	conj
ananas	noun
anarxistlik	noun
anarxizm	noun
anarxo-kapitalizm	noun
anatoliya	name
andijon	name
andorra	name
angar	noun
angishvona	noun
anglamoq	verb
angren	name
anhor	noun
anjir	noun
anketa	noun
anor	noun
antarktida	name
antilyos	name
antioxiya	name
antokiya	name
anʼana	noun
anʼanaviy	adj
aorta	noun
apelsin	noun
apr	noun
aprel	noun
aptechka	noun
apteka	noun
aqida	noun
aql	noun
aqlsizlik	noun
arab	noun
arabcha	adv
arabiston	name
arabshunos	noun
arabshunoslik	noun
aragonit	noun
aralashtirmoq	verb
araq	noun
araqxoʻr	noun
archa	noun
ardiston	name
argentina	name
ari	noun
ariza	noun
arman	noun
armaniston	name
armiya	noun
aroq	noun
arpa	noun
arra	noun
arslon	noun
arteriya	noun
artikl	noun
artishok	noun
arvoh	noun
arxipelag	noun
arzimoq	verb
arzon	adj
asab	noun
asabiy	adj
asal	noun
asar	noun
ashurmatov	name
ashxobod	name
askar	noun
aslan	adv
asorat	noun
asos	noun
asosan	adv
asoschi	noun
asr	noun
asramoq	verb
asriy	adj
astagʻfirulloh	intj
astrolog	noun
astronomik	adj
astronomiya	noun
atama	noun
atir	noun
atrof	noun
atropatena	name
avg	noun
avgust	noun
avj	noun
avliyo	noun
avlod	noun
avom	noun
avrangzeb	name
avstraliya	name
avstraliyalik	noun
avstriya	name
avstriyalik	noun
avtobus	noun
avtomashina	noun
avtomobil	noun
avval	adv
avvalan	adv
axir	adv
axloq	noun
axloqiy	adj
axloqsiz	adj
ayiq	noun
ayirmoq	verb
aylamoq	verb
ayn	noun
aynan	adv
ayni	adj
ayniqsa	adv
ayol	noun
ayon	adj
aytilish	noun
aytmoq	verb
ayyub	name
azal	noun
aziyat	noun
azizbek	name
azob	noun
azon	noun
aʼzo	noun
aʼzolik	noun
badan	noun
badaviy	noun
badbaxt	noun
badiiy	adj
bagajnik	noun
bagʻdod	name
bahoiy	noun
bahor	noun
bahs	noun
bajarmoq	verb
balanit	noun
baliq	noun
balki	adv
balo	noun
balogʻat	noun
banan	noun
bangol	name
baqlajon	noun
baqqol	noun
barak	noun
barbados	name
barcha	det
barelyef	noun
barmoq	noun
baron	noun
barot	noun
barqaror	adj
barxit	noun
baryer	noun
bashara	noun
bashariyat	noun
bashnya	noun
basketbolchi	noun
basra	name
bastakor	noun
bastalamoq	verb
baxil	adj
baxt	noun
bayon	noun
bayonnoma	noun
bayonot	noun
bayram	noun
bayroq	noun
bayroqdor	noun
bayrut	name
bayt	noun
baʼl	name
baʼlabak	name
baʼs	name,noun
baʼschi	noun
baʼzan	adv
baʼzi	det
begim	noun
behi	noun
behzod	name
bek	noun
bekat	noun
bekobod	name
bekturdiyev	name
bekturdiyeva	name
bekzod	name
bel	noun
belarus	name
belgiya	name
beliz	name
benazir	adj
berilliy	noun
bermoq	verb
besh	num
beshik	noun
beshinchi	num
betaraf	adj
bevafo	adj
bibliografiya	noun
bilan	postp
bilet	noun
bilim	noun
bilmoq	verb
bino	noun
binoan	adv
biologiya	noun
bir	num
bir-biri	pron
birga	adv
birinchi	num
birlashmoq	verb
birodar	noun
biroq	conj
biseksuallik	noun
bitmoq	verb
bitta	noun
biya	noun
biznes	noun
bob	name
bobiy	noun
bodom	noun
bodring	noun
bogʻ	noun
bogʻbon	noun
bogʻlamoq	verb
bola	noun
bolalik	noun
bolgariya	name
boliviya	name
bolta	noun
bomiyon	noun
boqi	adj
boqiy	adj
bormoq	verb
bosh	noun
boshkent	noun
boshlamoq	verb
boshliq	noun
boshqa	adj
boshqird	adj,noun
boshqirdcha	noun
boshqirdiston	name
bosiqlik	noun
bosmoq	verb
bosqin	noun
botil	adj
botirlik	noun
botqoq	noun
boʻgʻozlik	noun
boʻhton	noun
boʻlmoq	verb
boʻq	noun
boʻri	noun
boʻron	noun
boʻsh	adj
boʻston	noun
boʻyin	noun
brak	noun
braziliya	name
bronli	adj
bruney	name
bu	det,pron
bugun	adv
bugʻ	noun
bugʻdoy	noun
bulut	noun
burchak	noun
burga	noun
burgʻi	noun
burun	noun
burungi	adj
buterbrod	noun
butilka	noun
butun	det
buxoro	name
buyrak	noun
buyruq	noun
buyuk	adj
buyurmoq	verb
buzoq	noun
ch	character
chalkashmoq	verb
chalpak	noun
chamadon	noun
chana	noun
changyutgich	noun
chaqaloq	noun
chaynamoq	verb
chechak	noun
chegaradosh	adj
chekinish	noun
chekmoq	verb
chelak	noun
chernogoriya	name
chex	noun
chexiya	name
chikago	noun
chili	name
chimkent	name
chingiz	name
chiqish	noun
chiqmoq	verb
chirchiq	name
chiroy	noun
chivin	noun
choch	noun
chodir	noun
chorak	noun
chorshanba	noun
choy	noun
choʻchqa	noun
choʻmmoq	verb
choʻpchak	noun
choʻtka	noun
chuchuk	adj
chuchvara	noun
chuqur	adj,noun
chuqurlik	noun
chuvash	noun
da	particle
dabba	noun
daftar	noun
dafʼa	noun
dafʼatan	adv
daho	adj
dahr	noun
dahriy	adj
dala	noun
dalil	noun
dallollik	noun
dalolat	noun
dam	noun
damashq	name
daniya	name
daqiqa	noun
daraja	noun
daraxt	noun
darband	name
dard	noun
dariy	noun
dars	noun
darvesh	noun
darvoqe	phrase
darvoza	noun
daryo	noun
dastlabki	adj
dastur	noun
davlat	noun
davo	noun
davom	noun
davr	noun
davriy	adj
davron	noun
daxma	noun
dazmol	noun
dek	noun
dekabr	noun
deklaratsiya	noun
demografiya	noun
demokratiya	noun
demoq	verb
dengiz	noun
depressiya	noun
deraza	noun
devor	noun
dezinfektsiya	noun
diloq	noun
din	noun
diniy	adj
diskriminatsiya	noun
diviziya	noun
dizenteriya	noun
dofin	noun
dogʻiston	name
dogʻistonlik	noun
doim	adv
doimiy	adj
doimo	adv
doir	postp
doira	noun
dol	noun
don	noun
doniyor	name
donlik	noun
donolik	noun
dorimoq	verb
dorixona	noun
doyachi	noun
doyachilik	noun
doʻkon	noun
doʻlma	noun
doʻst	noun
doʻstlik	noun
dubay	name
dublikat	noun
dud	noun
duk	noun
dum	noun
dunyo	noun
dunyoviy	adj
dunyoviylik	noun
duradgor	noun
durbin	noun
dushanba	noun
dushman	noun
ega	noun
ehson	noun
ehtimol	noun
ehtimollik	noun
ehtirom	noun
ehtiyoj	noun
ekan	particle
ekin	noun
eksperiment	noun
ekspert	noun
ekvador	name
el	noun
elak	noun
elchi	noun
elliginchi	num
ellik	num
eman	noun
emas	adj
emoq	verb
emotsiya	noun
endi	adv
energiya	noun
eng	adv
ensiklopediya	noun
entropiya	noun
epidemiya	noun
epistemologiya	noun
er	noun
er-xotin	noun
ergashev	name
ergasheva	name
erk	noun
erkak	noun
erkaklik	noun
erkin	adj
erkinbek	name
erkinlik	noun
ermoq	verb
eron	noun
eronlik	noun
eronshunos	noun
eronshunoslik	noun
ertaga	adv
eshak	noun
eshik	noun
eshitmoq	verb
eshmurodov	name
eshon	noun
eshonov	name
eski	adj
eston	adj,noun
estoniya	noun
et	noun
etimologiya	noun
etnik	adj
evolutsiya	noun
eʼtirof	noun
eʼtiroz	noun
eʼzozxon	name
fabrika	noun
fagot	noun
fahm	noun
fahmlamoq	verb
fahsh	adj,noun
falaj	noun
falokat	noun
falsafa	noun
falsafiy	adj
familiya	noun
fan	noun
faol	adj
faoliyat	noun
faqat	adv
faqir	adj
faraz	noun
farazan	adv
faraziy	adj
faraziya	noun
fargʻona	name
farishta	noun
farogʻat	noun
farosat	noun
farq	noun
farqlamoq	verb
farqlanmoq	verb
farqli	adj
farz	noun
fasih	adj
fasl	noun
fasohat	noun
fason	noun
favqulodda	adv
favvora	noun
faxr	noun
faxriy	adj
faylasuf	noun
fayzulla	name
fayzullayev	name
fazo	noun
feruza	noun
fev	noun
fevral	noun
feyeriya	noun
feʼl	noun
fidoyilik	noun
fiji	name
fikr	noun
fikran	adv
fil	noun
film	noun
finlandiya	name
firuza	noun
firʼavn	noun
fitna	noun
fitr	noun
fizika	noun
flamand	noun
foiz	noun
fojir	adj
foniy	adj
fontan	noun
forscha	adv
fotih	noun
fotografiya	noun
foyda	noun
foytun	noun
fozil	name
fransiya	noun
fransuz	adj,noun
fransuzcha	adv
funksiya	noun
fuqaro	noun
furgon	noun
fursat	noun
futbolchi	noun
fyodor	name
galaktik	adj
galaktika	noun
gall	adj,noun
galliy	noun
gamburger	noun
gapirmoq	verb
garderob	noun
garov	noun
gayana	name
gektar	noun
geliy	noun
gematologiya	noun
geografiya	noun
geologiya	noun
geometriya	noun
gerb	noun
germaniya	noun
gersog	noun
geteroseksuallik	noun
getman	noun
gigiyena	noun
gigiyenik	adj
gil	noun
gilam	noun
gilos	noun
gimn	noun
gimnastika	noun
gimnazist	noun
gimnaziya	noun
gipotenuza	noun
gipotermiya	noun
gipoteza	noun
giriftor	adj
gof	noun
gomoseksuallik	noun
gotovalnya	noun
goʻdak	noun
goʻsht	noun
goʻshti	noun
goʻzal	adj
goʻzallik	noun
grafit	noun
grajdanlik	noun
grammatika	noun
granata	noun
gretsiya	name
gruziya	name
gugurt	noun
gujarot	name
gujarotcha	adv
gul	noun
guldon	noun
guliston	name
gulmohi	noun
gulnora	name
gunoh	noun
gunohkor	noun
gurjiston	name
guruh	noun
guvoh	noun
gvatemala	name
gʻ	character
gʻa	noun
gʻalaba	noun
gʻaladon	noun
gʻaladonlaringdan	noun
gʻalatilik	noun
gʻalla	noun
gʻamza	noun
gʻamzali	adj
gʻaniyev	name
gʻaniyeva	name
gʻarb	noun
gʻarbiy	adj
gʻaroyib	adj
gʻayb	noun
gʻayn	noun
gʻayr	noun
gʻayri	adj,det,postp
gʻayriinsoniy	adj
gʻayriixtiyoriy	adj
gʻayriqonuniy	adj
gʻayrirasmiy	adj
gʻayrishuuriy	adj
gʻayrishuuriylik	noun
gʻayritabiiy	adj
gʻazal	noun
gʻazza	name
gʻilof	noun
gʻiloflamoq	verb
gʻofil	adj
gʻoyat	adv
gʻoyib	adj
gʻozi	noun
gʻubor	noun
gʻurur	noun
ha	intj
had	noun
hadis	noun
hadya	noun
hafta	noun
haj	noun
hajm	noun
hakim	noun
halab	name
halollik	noun
halovat	noun
halqa	noun
hamdam	name
hamdamov	name
hamdoʻstlik	noun
hamkor	noun
hamla	noun
hamma	det
hammollik	noun
hamohanglik	noun
hamza	noun
haq	noun
haqida	postp
haqiqat	noun
haqiqatan	adv
haqir	adj
haqorat	noun
haqqiyev	name
haqqoniylik	noun
har	det
harakat	noun
harakatlanmoq	verb
harbiy	adj
harf	noun
harorat	noun
hasad	noun
hasan	name
hashamat	noun
hasharot	noun
hasrat	noun
hassa	noun
hatto	adv
havas	noun
havo	noun
havvo	name
havza	noun
haybat	noun
hayit	noun
hayitlik	noun
haykal	noun
hayot	noun
hayron	adj
hayvon	noun
hazm	noun
hazrat	noun
hid	noun
hidoyat	noun
hikmat	noun
hikmatli	adj
hilol	noun
himoya	noun
hind	noun
hindiston	name
hindukush	name
his	noun
hisob	noun
hisoblamoq	verb
hisobsiz	adj
hissa	noun
hissi	adj
hissiyot	noun
ho	noun
hodisa	noun
hojat	noun
hojatxona	noun
hokim	noun
hokimiyat	noun
hol	noun
holat	noun
holsizlik	noun
homiladorlik	noun
homofon	noun
hovli	noun
hovuz	noun
hozir	adv
hujayra	noun
hujjat	noun
hujumkorlik	noun
hukmdor	noun
hukmdorlik	noun
hukumat	noun
humo	noun
huquq	noun
huquqshunos	noun
huquqshunoslik	noun
huquqsizlik	noun
hur	adj
hurlik	noun
hurmat	noun
hurriyat	noun
husayn	name
hushyorlik	noun
huzur	noun
ibodat	noun
ibrohim	name
ibrohimbek	name
ibtido	noun
ibtidoiy	adj
ichak	noun
ichidan	prep
ichmoq	verb
idda	noun
identifikatsiya	noun
ideogramma	noun
idrok	noun
iffat	noun
iftixor	noun
ihota	noun
ihtilom	noun
ijod	noun
ijozat	noun
ijroiya	adj
ijtimoiy	adj
ikki	num
ikkinchi	num
ikrom	noun
ildam	adj,adv
ildiz	noun
ilhom	noun
iliq	adj
ilm	noun
ilmiy	adj
iloh	noun
ilohiyot	noun
ilohiyotchi	noun
ilon	noun
iltifot	noun
iltijo	noun
iltimos	noun
ilyos	name
imkon	noun
imkoniyat	noun
imlo	noun
immunitet	noun
imomat	noun
imonli	adj
imorat	noun
imperator	noun
imperiya	noun
imtihon	noun
imtiyoz	noun
imzo	noun
indeys	noun
indoneziya	name
indoneziyalik	noun
infeksiya	noun
inflatsiya	noun
ingliz	noun
inglizcha	adv,noun
injener	noun
inkor	noun
innervatsiya	noun
inoyat	noun
inoyatulla	name
inqilob	noun
inqilobchi	noun
inqiroz	noun
insho	noun
inshoot	noun
insof	noun
inson	noun
insoniy	adj
insoniyat	noun
interfeys	noun
intiho	noun
intiqom	noun
intizom	noun
intizomlilik	noun
intizomsizlik	noun
intoksikatsiya	noun
iordaniya	name
ip	noun
ipak	noun
iqbol	noun
iqlim	noun
iqlimshunos	noun
iqlimshunoslik	noun
iqob	noun
iqror	noun
iqtibos	noun
iqtidor	noun
iqtisod	noun
iqtisodchi	noun
iqtisodiy	adj
iqtisodiyot	noun
irland	noun
irlandiya	name
iroda	noun
iroq	name
iroqlik	noun
irq	noun
irqiy	adj
irsiy	adj
irsiyat	noun
isbot	noun
isfahon	name
ish	noun
ishchi	noun
ishlamoq	verb
ishlatmoq	verb
ishonch	noun
ishontirmoq	verb
ishoq	name
ishq	noun
ishtaha	noun
ishtirok	noun
ishtiyoq	noun
ishton	noun
iskandariya	name
iskandarov	name
iskanderov	name
islandiya	name
isloh	noun
islohot	noun
islom	name,noun
islombek	name
islomchi	noun
islomchilik	noun
islomshunos	noun
islomshunoslik	noun
ism	noun
ismoiliya	name
iso	name
ispan	adj,noun
ispancha	adv
ispaniya	name
isrof	noun
issiq	adj,noun
issiqlik	noun
istehkom	noun
istehsol	noun
istehzo	noun
isteʼdod	noun
isteʼfo	noun
isteʼmol	noun
istibdod	noun
istigʻfor	noun
istilo	noun
istiloh	noun
istiora	noun
istiqbol	noun
istiqlol	noun
istirohat	noun
istisno	noun
isyon	noun
isyonchi	noun
it	noun
italiya	noun
italyan	adj,noun
italyancha	adv
ittifoq	noun
ittifoqan	adv
ittihod	noun
ixlos	noun
ixtilof	noun
ixtilol	noun
ixtisos	noun
ixtiyor	noun
ixtiyoriy	adj
iyl	noun
iyn	noun
iyul	noun
iyun	noun
izhor	noun
izofat	noun
izoh	noun
izohli	adj
izolyatsiya	noun
izzat	noun
j	character
jadal	noun
jadallamoq	verb
jadval	noun
jafo	noun
jahannam	noun
jaholat	noun
jahon	noun
jalab	noun
jalablik	noun
jaloliddin	name
jam	adj
jamiyat	noun
jamlamoq	verb
jamoa	noun
jamoat	noun
jamshid	name
jannat	noun
janub	noun
janubiy	adj
jarayon	noun
jarlik	noun
jarohat	noun
jarroh	noun
jarrohlik	noun
jasad	noun
jasur	adj,name
jasurlik	noun
javlonbek	name
javob	noun
jazo	noun
jazoir	noun
jibuti	name
jiddiy	adj
jiddiylik	noun
jigar	noun
jihod	noun
jild	noun
jim	noun
jimjitlik	noun
jinni	adj
jinoyat	noun
jins	noun
jinsiy	noun
jirafa	noun
jism	noun
jismoniy	adj
jizzax	name
jobajo	adv
jodugar	noun
johil	adj
johiliya	noun
johiliyat	noun
johillik	noun
joiz	adj
jola	noun
jon	noun
jonli	adj
josus	noun
joy	noun
joylashmoq	verb
joʻnatmoq	verb
joʻra	name
joʻrayev	name
joʻrayeva	name
joʻxori	noun
jubayl	name
juda	adv
jugʻrofiya	noun
juma	noun
jumodilavval	noun
jumodiloxir	noun
jumodissoni	noun
jun	noun
jussa	noun
kabel	noun
kabi	postp
kabob	noun
kadmiy	noun
kalendar	noun
kalish	noun
kalit	noun
kaliy	noun
kamalak	noun
kamar	noun
kamol	noun
kamolot	noun
kamon	noun
kampaniya	noun
kampirak	noun
kanadalik	noun
kanop	noun
kantata	noun
kanva	noun
kanʼon	name
kapalak	noun
kapitalizm	noun
kapot	noun
kar	adj
karam	noun
karamel	noun
karavot	noun
karbalo	name
kardiolog	noun
kardiologiya	noun
karimov	name
karimova	name
karlik	noun
karomat	noun
karta	noun
kartina	noun
kartochka	noun
kartoshka	noun
karvon	noun
kasal	noun
kasallanmoq	verb
kasallik	noun
kasalxona	noun
kasb	noun
kashshof	noun
kasr	noun
kasrli	adj
katalan	noun
kataloniya	name
kategoriya	noun
katet	noun
katta	adj,noun
kattakon	adj
kayfiyat	noun
kayumov	name
kaʼba	name
kecha	noun
kechirmoq	verb
kegay	noun
kelajak	noun
kelin	noun
kelishmoq	verb
kelmoq	verb
kema	noun
keng	adj
keniya	name
kerak	adj
kerakli	adj
keraklik	noun
keraksiz	adj
ketmoq	verb
kibr	noun
kichik	adj
kichiklashmoq	verb
kifoya	adj
kifoyalanmoq	verb
kift	noun
kim	pron
kimyo	noun
kimyoviy	adj
kino	noun
kinofilm	noun
kinoteatr	noun
kinoya	noun
kirill	noun
kirka	noun
kirmon	name
kirmonshoh	name
kirmoq	verb
kishi	noun
kitob	noun
kiyik	noun
kiyim	noun
klassik	adj
klinika	noun
knopka	noun
kof	noun
kofe	noun
kofir	noun
kohin	noun
koinot	noun
kolleksiya	noun
kolumbiya	name
kolumbiyalik	noun
kolxoz	noun
kommunist	adj
kommunizm	noun
kompozitsiya	noun
kompyuter	noun
konfet	noun
konstantinopol	name
konstitutsiya	noun
konstitutsiyaviy	adj
konstruksiya	noun
konsul	noun
kont	noun
kontrast	noun
kontslager	noun
kontur	noun
konveksiya	noun
koptikov	noun
koreya	name
koreys	noun
koronavirus	noun
korund	noun
korxona	noun
koshgʻar	name
kotib	noun
kotlet	noun
koʻk	adj,noun
koʻkturk	noun
koʻl	noun
koʻmmoq	verb
koʻp	adv
koʻpchilik	noun
koʻprik	noun
koʻr	adj
koʻrfaz	noun
koʻrlik	noun
koʻrmoq	verb
koʻrsatmoq	verb
koʻtarilmoq	verb
koʻtarinki	adj
koʻz	noun
koʻzgu	noun
koʻzoynak	noun
krab	noun
krem	noun
kremniy	noun
kreyser	noun
kuba	name
kubalik	noun
kuch	noun
kuchli	adj
kuchuk	noun
kufa	name
kulfat	noun
kulliya	noun
kulmoq	verb
kulolchilik	noun
kulollik	noun
kumush	noun
kun	noun
kungaboqar	noun
kuplet	noun
kurd	noun
kurdiston	name
kush	noun
kushon	noun
kutubxona	noun
kutubxonachi	noun
kutubxonachilik	noun
kuyik	adj
kuymoq	verb
kuz	noun
lab	noun
lager	noun
lahza	noun
lampa	noun
lankaron	name
laqqa	adv,noun
latifa	noun
latish	adj,noun
latviya	noun
laziz	adj
lazzat	noun
lazzatli	adj
lekin	conj
leninchi	noun
lesoto	name
liberiya	name
lifchik	noun
lift	noun
limon	noun
liniya	noun
litiy	noun
litva	name
litvalik	noun
liviya	name
lixtenshteyn	name
lojuvard	noun
lola	name,noun
lom	noun
london	name
lotin	noun
loy	noun
loyiq	adj
loyli	adj
lozim	adj
loziqiya	name
lugʻat	noun
lugʻatchi	noun
lugʻatchilik	noun
luqmon	name,noun
lusayl	name
lutf	noun
lutfan	adv
luzum	noun
lyuksemburg	name
machit	noun
madad	noun
madaniyat	noun
madh	noun
madhiya	noun
maftun	adj
magneziya	noun
magnit	noun
magniy	noun
magʻrib	name,noun
magʻrur	adj
mahal	noun
mahalla	noun
mahalliy	adj
mahbub	noun
mahkam	adj
mahkama	noun
mahmudov	name
mahmudova	name
mahobat	noun
mahorat	noun
mahsi	noun
mahsul	noun
maishat	noun
majlis	noun
majnun	adj
majnuntol	noun
makedoniya	noun
makkajoʻxori	noun
makon	noun
maktab	noun
maktub	noun
malay	noun
malika	noun
malina	noun
malollik	noun
malta	name
mamajonov	name
mamlakat	noun
mamnun	adj
manba	noun
manfaat	noun
manfiy	adj
manot	name
manqal	noun
manqul	adj
mansha	noun
manshur	adj
manti	noun
mantiq	noun
mantiqiy	adj
manzara	noun
manzum	adj
maqbul	adj
maqol	noun
maqola	noun
maqom	noun
maqsad	noun
mar	noun
mardona	adj
margʻilon	name
margʻub	adj
marhamat	noun
marhum	noun
marixuana	noun
markaz	noun
markaziy	adj
markazlashmoq	verb
markazlashtirmoq	verb
markiz	noun
marmar	noun
marokash	name
marokashlik	noun
mart	noun
marta	noun
martaba	noun
marv	name
marʼash	name
masala	noun
masalan	adv
mashgʻul	adj
mashgʻulot	noun
mashhad	name
mashina	noun
mashriq	noun
mashʼal	noun
masjid	noun
maslahat	noun
masnaviy	noun
masofa	noun
mastava	noun
masturbatsiya	noun
masxara	noun
matbuot	noun
matematika	noun
matn	noun
matnshunos	noun
matnshunoslik	noun
matros	noun
matroska	noun
matyoqubov	name
mavhum	adj
mavj	noun
mavjud	adj
mavjudlik	noun
mavjudot	noun
mavsum	noun
mavsumiy	adj
mavzu	noun
maxdum	noun
maxfiy	adj
maxluq	noun
maxmur	adj
maxsus	adj
may	noun
maydon	noun
mayiz	noun
mayl	noun
mayoq	noun
mayyit	noun
mazkur	adj
mazmun	noun
mazmunan	adv
maʼlumot	noun
maʼno	noun
maʼnoli	adj
maʼnolilik	noun
maʼnosiz	adj
maʼnosizlik	noun
maʼrifat	noun
mebel	noun
mehmonxona	noun
mehnat	noun
mehribon	adj
mehrob	noun
meksika	name
men	pron
mening	det
mesopotamiya	name
metabolizm	noun
metall	noun
meva	noun
meʼda	noun
meʼmor	noun
meʼmoriy	adj
meʼmorlik	noun
mikoil	name
mikroneziya	name
mikroneziyalik	noun
militsioner	noun
militsiya	noun
millat	noun
millatchi	noun
millatchilik	noun
milliard	num
milliardinchi	num
million	num
millioninchi	num
milliy	adj
milliyat	noun
milod	noun
mim	noun
minbar	noun
ming	num
minginchi	num
mintaqa	noun
miqdor	noun
mirrix	name
mirziyoyev	name
mirziyoyeva	name
misol	noun
misr	name
misrlik	noun
misrshunos	noun
misrshunoslik	noun
missiya	noun
miya	noun
modda	noun
moddiy	adj
mohir	adj
mohiyat	noun
mojariston	name
mol	noun
moldova	noun
molekula	noun
molik	noun
moliya	noun
momiq	adj,noun
monako	noun
monarxiya	noun
monolit	noun
moruniy	noun
moskvalik	noun
moy	noun
moyli	adj
mozambik	name
mozgovoy	name
moʻgʻul	adj,noun
moʻjiza	noun
moʻmin	noun
moʻtadil	adj
moʻtazila	noun
moʻylov	noun
moʻʼjiza	noun
moʻʼtadil	adj
moʻʼtazila	noun
muallif	noun
muallim	noun
muayyan	adj
muazzam	adj,name
mubham	adj
muboh	adj
mubolagʻa	noun
muborak	adj
muboriz	noun
mubtalo	adj
muddao	noun
muddat	noun
mudir	noun
mudofaa	noun
mudofe	noun
mudoxala	noun
mudrak	adj
mufassal	adj
mufattin	adj,noun
mufid	adj
muflis	adj
mufsid	adj
mufti	noun
muguz	noun
muhabbat	noun
muhammadbek	name
muhandis	noun
muhaqqaq	adj
muharram	noun
muharrir	noun
muhim	adj
muhimlik	noun
muhit	noun
muhlat	noun
muhofaza	noun
muhofiz	noun
muhtaram	adj
muhtasham	adj
muhtasib	noun
muhtoj	adj
mujmal	adj
mujodil	noun
mukammal	adj
mukarram	adj
mulaqqab	adj
mulavvan	adj
mulk	noun
mulohaza	noun
muloyim	adj
muloyimlik	noun
mulsaq	adj
mumkin	adj
mumkinlik	noun
munajjim	noun
mundarija	noun
munfail	adj
munofiq	adj
munojot	noun
munosabat	noun
munosib	adj
munozara	noun
munqasim	adj
munshiy	noun
muntazam	adj
muomala	noun
muqaddas	adj
muqaddaslik	noun
muqaddima	noun
muqarrar	adj
muqim	adj
muqobala	noun
muqobil	adj
muqovamat	noun
murabbiy	noun
muraffah	adj
murakkab	adj
murakkablashmoq	verb
murakkablashtirmoq	verb
murakkablik	noun
murch	noun
murod	noun
murojaat	noun
muroqaba	noun
musaddas	noun
musaffo	adj
musallah	adj
musbat	adj
mushaf	noun
mushkul	adj
mushkulot	noun
mushohada	noun
mushtariy	noun
mushuk	noun
musibat	noun
musiqa	noun
musiqachi	noun
musiqali	adj
musiqashunos	noun
musiqashunoslik	noun
musiqiy	adj
musiqiylik	noun
muso	name
musodara	noun
musofir	noun
musohaba	noun
musohib	noun
musoid	noun
musoxon	name
mustabid	adj
mustagʻraq	adj
mustahab	adj
mustahiq	adj
mustahkam	adj
mustahkamlamoq	verb
mustahkamlanmoq	verb
mustahsan	adj
mustajob	adj
mustaqil	adj
mustaqillik	noun
mustasno	noun
musulmon	noun
mutaalliq	adj
mutaaqib	adj
mutaaxxir	adj
mutaazzir	adj
mutafakkir	noun
mutakallim	noun
mutanaffir	adj
mutanosib	adj
mutaraddid	adj
mutavoze	adj
mutaxassis	noun
mutazarrar	adj
mutlaq	adj
muttaham	noun
muttasil	adj
muvaqqat	adj
muvofiq	adj,postp
muvofiqlashmoq	verb
muvofiqlashtirmoq	verb
muvofiqlik	noun
muvozanat	noun
muxammas	noun
muxbir	noun
muxolif	noun
muxtasar	adj
muxtor	adj
muxtoriyat	noun
muz	noun
muzaffar	adj
muzey	noun
muzika	noun
muzokara	noun
muzqaymoq	noun
nafaqa	noun
nafar	noun
nafas	noun
nafosat	noun
nafrat	noun
nagʻma	noun
nahor	noun
najib	adj
najjor	noun
najosat	noun
najot	noun
namangan	name
namlik	noun
namoz	noun
namuna	noun
naql	noun
naqqosh	noun
nargis	noun
narsa	noun
nasha	noun
nasihat	noun
nasl	noun
nasr	noun
nasrullaev	name
nasturiy	noun
natija	noun
natijada	adv
natijasida	postp
natriy	noun
natsist	noun
natsizm	noun
natyurmort	noun
nav	noun
navbat	noun
navoiy	name
navroʻz	name
nazar	noun
nazarbekov	name
nazarbekova	name
nazariya	noun
nazariyachi	noun
naʼmatak	noun
neft	noun
negiz	noun
nematov	name
neoliberalizm	noun
nerv	noun
nevrolog	noun
nevrologiya	noun
neʼmatov	name
ng	character
ni	particle
niderlandcha	adv,noun
niderlandiya	name
niderlandlar	name
nigeriya	name
nigoh	noun
nihoyat	noun
nikaragua	name
nikoh	noun
niobiy	noun
nisbat	noun
nisbatan	postp
nisbiy	adj
niyat	noun
nodir	adj
nodonlik	noun
nok	noun
nol	num
noma	noun
nomli	adj
nomus	noun
non	noun
nordon	adj
norozilik	noun
norvegiya	name
nosir	name
nosirchi	noun
nosvoy	noun
notamom	adj
notiq	adj,noun
notoʻgʻri	adj
noumid	adj
noxush	adj
noy	noun
noyabr	noun
nufuz	noun
nufuzli	adj
nuga	noun
nukus	name
nun	noun
nuqson	noun
nuqta	noun
nurmatov	name
nuroniy	adj
nusxa	noun
nutq	noun
ob-havo	noun
obi-hayot	noun
oblast	noun
obod	adj
obodon	adj
oborot	noun
och	adj
ochiq	adj
ochlik	noun
ochmoq	verb
odam	noun
odat	noun
odatlanmoq	verb
oddiy	adj
ogayo	name
ogʻabek	name
ogʻir	adj
ogʻirlik	noun
ogʻiz	noun
ogʻrimoq	verb
oid	postp
oila	noun
ojiz	adj
ojizlik	noun
okean	noun
okrug	noun
oksitan	noun
oksitaniya	name
okt	noun
oktyabr	noun
olabugʻa	noun
olabuta	noun
olam	noun
olcha	noun
oli	adj
oligarxiya	noun
olijanob	adj
olma	noun
olmaliq	name
olmaxon	noun
olmoniya	name
olmoq	verb
olmos	noun
olmurut	noun
olov	noun
olqish	noun
olti	num
oltin	adj,noun
oltinchi	num
oltmish	num
oltmishinchi	num
oltoy	adj,noun
olxoʻri	noun
ombor	noun
omina	name
omma	noun
omonat	noun
omonlik	noun
ona	noun
onadoʻli	name
ongli	adj
onkologik	adj
ont	noun
opa	noun
opa-singil	noun
opa-uka	noun
operatsiya	noun
oq	adj
oqibat	noun
oqibatli	adj
oqibatsiz	adj
oqil	adj
oqim	noun
oqin	adj,noun
oqmoq	verb
oqqush	noun
oqsoqlik	noun
oqsoqol	noun
orasida	postp
orfografiya	noun
organizm	noun
orif	adj,name
orifjon	name
orol	noun
oromiy	noun
orqa	noun
orzu	noun
osh	noun
oshiq	noun
oshmoq	verb
oshxona	noun
osi	noun
osiyo	name
osmon	noun
osmoniy	adj
osmoq	verb
oson	adj
osoyishtalik	noun
ota	noun
ota-ona	noun
otadi	verb
otaman	verb
otasan	verb
otash	noun
otashparast	noun
otashparastlik	noun
otmayman	verb
otmoq	verb
otmoqchiman	verb
ovchi	noun
ovoragarchilik	noun
ovoralik	noun
ovoz	noun
ovqat	noun
ovsarlik	noun
ovul	noun
oxir	adj,noun
oxirat	noun
oxirgi	adj
oy	noun
oybek	name
oydek	noun
oyna	noun
oyoq	noun
oz	adv
ozarbayjon	name
ozarbayjoncha	adv
ozarbayjonlik	noun
oziq	noun
ozod	adj
ozodagarchilik	noun
ozodbek	name
ozodlik	noun
oʻ	character,noun
oʻgʻil	noun
oʻjarlik	noun
oʻlka	noun
oʻlmoq	verb
oʻn	num
oʻninchi	num
oʻqimoq	verb
oʻqish	noun
oʻqituvchi	noun
oʻrdak	noun
oʻrganmoq	verb
oʻrgatmoq	verb
oʻrin	noun
oʻrmon	noun
oʻrnatmoq	verb
oʻrta	adj,noun
oʻsh	name
oʻsimlik	noun
oʻt	noun
oʻtik	noun
oʻtov	noun
oʻttiz	num
oʻttizinchi	num
oʻyin	noun
oʻylamoq	verb
oʻynamoq	verb
oʻz	pron
oʻzaro	adj
oʻzbek	adj,noun
oʻzbekcha	adv
oʻzbekiston	name
oʻzgarish	noun
oʻzgaruvchi	adj,noun
oʻzr	name
pakki	noun
palladiy	noun
palov	noun
panama	name
panamalik	noun
pandemiya	noun
panjob	name
panjobcha	adv
paqir	noun
paragvay	name
parametr	noun
paranoyya	noun
parij	name
parik	noun
parta	noun
partiya	noun
parvona	noun
parvoz	noun
pashsha	noun
pasport	noun
passivlik	noun
patir	noun
patnis	noun
paxta	noun
paygʻambar	noun
payshanba	noun
payt	noun
pedagogika	noun
pemza	noun
pentagramma	noun
peru	name
pesha	noun
pianino	noun
pichoq	noun
pichoqlamoq	verb
pilik	noun
pingvin	noun
pirat	noun
pirog	noun
pirotexnika	noun
pishloq	noun
pitsa	noun
pivo	noun
piyano	noun
piyoz	noun
pochta	noun
pokiston	name
pokizalik	noun
poklik	noun
politsiya	noun
polkovnik	noun
poloniy	noun
polsha	name
polyak	noun
pomidor	noun
pornografiya	noun
portugaliya	name
poshsha	adj
postanovka	noun
potinjon	noun
povestka	noun
povidlo	noun
poyezd	noun
poytaxt	noun
pozitivizm	noun
poʻlat	noun
praktika	noun
prezident	noun
professor	noun
proletar	noun
propaganda	noun
provinsiya	noun
pul	noun
pulmonolog	noun
pulmonologiya	noun
pulsizlik	noun
punktuatsiya	noun
pyesa	noun
pyotr	name
qabih	adj
qabila	noun
qabilaviy	adj
qabohat	noun
qabr	noun
qabul	noun
qabz	noun
qabziyat	noun
qachon	pron
qadam	noun
qadar	noun
qadim	noun
qadimgi	adj
qadimiy	adj
qahr	noun
qahramon	noun
qahramonmarʼash	name
qahva	noun
qahvachi	noun
qahvaxona	noun
qalam	noun
qalampir	noun
qalay	intj,noun,pron
qalb	noun
qalin	adj
qalpaq	noun
qalʼa	noun
qand	noun
qandahor	name
qanday	pron
qandli	adj
qanoat	noun
qanot	noun
qanotsiz	adj
qaramoq	verb
qariyb	adv
qaror	noun
qarshi	name
qarz	noun
qasam	noun
qasd	noun
qatagʻon	noun
qatra	noun
qatron	noun
qatʼiy	adj
qatʼiyat	noun
qavat	noun
qavm	noun
qaychi	noun
qayd	noun
qayiq	noun
qaynamoq	verb
qaynana	noun
qayravon	name
qaysarlik	noun
qaysi	pron
qayum	name
qayumov	name
qibla	noun
qibris	name
qibtiy	noun
qilich	noun
qiliq	noun
qilishmoq	verb
qilmoq	verb
qimiz	noun
qimmat	adj
qirgʻiz	adj,noun
qirgʻiziston	name
qirigʻizi	name
qirol	noun
qirq	num
qirqinchi	num
qish	noun
qishloq	noun
qism	noun
qisman	adv
qismat	noun
qisqa	adj
qissa	noun
qiyalik	noun
qiyofa	noun
qiyomat	noun
qiyos	noun
qiyosiy	adj
qiyoslamoq	verb
qiz	noun
qizgʻinlik	noun
qizil	adj
qizilbosh	noun
qizlar	noun
qobiliyat	noun
qof	noun
qofiya	noun
qogʻoz	noun
qohira	name
qoida	noun
qolip	noun
qolmoq	verb
qoloqlik	noun
qomat	noun
qomus	noun
qon	noun
qonli	adj
qonun	noun
qonuniy	adj
qonunsizlik	noun
qopqon	noun
qopqoq	noun
qor	noun
qora	adj
qorachoy-bolqorcha	name
qoralik	noun
qoraqalpogʻiston	name
qoraqalpoq	adj,noun
qoraqalpoqcha	adv,name
qoraqum	name
qori	noun
qorin	noun
qorli	adj
qoshiq	noun
qotillik	noun
qovun	noun
qovurdoq	noun
qovurmoq	verb
qozi	noun
qozogʻiston	name
qozonmoq	verb
qozoq	adj,noun
qoʻl	noun
qoʻmita	noun
qoʻmondon	noun
qoʻqon	name
qoʻrimoq	verb
qoʻriq	noun
qoʻriqchi	noun
qoʻrqmoq	verb
qoʻshilmoq	verb
qoʻshin	noun
qoʻshiq	noun
qoʻshma	adj
qoʻtoq	noun
qoʻtoqbosh	noun
qoʻy	noun
qoʻychi	noun
qoʻymoq	verb
qudrat	noun
qul	noun
quloq	noun
qulupnay	noun
qum	name,noun
qunduz	noun
qur	noun
qurmoq	verb
qurol	noun
qurolli	noun
qurt	noun
qurultoy	noun
quruq	adj
quruqlik	noun
qurʼon	name
qush	noun
qustantiniya	name
qutb	noun
quv	noun
quvvat	noun
quvvatlamoq	verb
quvvatli	adj
quvvatsiz	adj
quyon	noun
quyosh	noun
quyoshli	adj
quyruq	noun
rabiulavval	noun
rabiuloxir	noun
rabiussoni	noun
radar	noun
radif	noun
radio	noun
radioaktiv	adj
radiola	noun
radiolokasiya	noun
radiotelefon	noun
radiy	noun
ragʻbat	noun
rahbar	noun
rahmat	intj
rais	noun
rajab	noun
rajo	noun
rakovina	noun
ramazon	noun
ramz	noun
ramziy	adj
rang	noun
raqam	noun
raqib	noun
raqobat	noun
raqqa	name
raqqos	noun
raqqosa	noun
raqs	noun
rasadxona	noun
rasmiy	adj
rassom	noun
ratsional	adj
ratsionalizatsiya	noun
ratsionalizm	noun
ravish	noun
ravshan	adj,adv
ray	name
rayxon	noun
razil	adj
razolat	noun
reaksiya	noun
reniy	noun
repertuar	noun
respublika	noun
respublikachi	noun
restavratsiya	noun
restoran	noun
rioya	noun
rishod	name
rizo	noun
rohat	noun
rohat-luqum	noun
rosalik	noun
rossiya	name
rossiyalik	noun
rozmarin	noun
roʻyxat	noun
roʻznoma	noun
rubidiy	noun
ruboiy	noun
ruboiyot	noun
ruchka	noun
ruh	noun
ruhan	adv
ruhiy	adj
ruhoniy	noun
ruhsizlik	noun
ruku	noun
rul	noun
rumin	adj,noun
ruminiya	name
rupor	noun
rus	adj,noun
ruscha	adv
ruslan	name
ruteniy	noun
ruxsat	noun
ruxshonabonu	name
ryukzak	noun
sabab	noun
sababiyat	noun
sabiy	noun
sabot	noun
sabr	noun
sabzi	noun
sadaf	noun
sadaqa	noun
sado	noun
sadoqat	noun
saf	noun
safar	noun
safarbar	adj
safarbarlik	noun
sahar	noun
sahhof	noun
sahifa	noun
sahna	noun
sahnalashtirmoq	verb
sahnaviy	adj
sahoba	noun
sahro	noun
sakkiz	num
sakkizinchi	num
sakson	num
saksoninchi	num
salat	noun
salbiy	adj
salib	noun
saljuq	name
saljuqiy	noun
salohiyat	noun
salom	intj
salomat	adj
salomatmisiz	phrase
salvador	name
salvadorlik	noun
samarqand	name
samarqandlik	noun
samimiy	adj
samimiylik	noun
samolyot	noun
samovar	noun
samoviy	adj
san-paulu	name
sana	noun
sankt-peterburg	name
sanoat	noun
santexnik	noun
santexnika	noun
sanʼat	noun
saodat	noun
sapfir	noun
sardor	name
sarf	noun
sarflamoq	verb
sarimsoq	noun
sariq	adj
sarkofag	noun
sarob	noun
sarrof	noun
sarvat	noun
savat	noun
savdo	noun
saviya	noun
savob	noun
savol	noun
savr	name,noun
saxiy	adj
saxovat	noun
sayfiev	name
sayfiyev	name
sayohat	noun
sayt	noun
sayyora	noun
sazo	noun
saʼb	adj
saʼy	noun
schyot	noun
schyotchik	noun
seara	name
sehr	noun
sekinlik	noun
sekularizm	noun
sel	noun
sement	adj,noun
semizlik	noun
sen	noun
sentyabr	noun
serb	noun
serbiya	name
sergey	name
serquyosh	adj
seshanba	noun
sevgi	noun
sevmoq	verb
sex	noun
sezmoq	verb
sh	character
shafe	noun
shaffof	adj
shafoat	noun
shafqat	noun
shahar	noun
shahid	noun
shahlo	adj,name
shahrisabz	name
shahvat	noun
shahzod	name
shahzoda	name,noun
shahzodbek	name
shajara	noun
shak	noun
shakar	noun
shakl	noun
shaklan	adv
shakllanmoq	verb
shakllantirmoq	verb
shalola	noun
sham	noun
shamol	noun
shams	noun
shanba	noun
shariat	noun
sharofat	noun
sharq	noun
sharqiy	adj
sharqshunos	noun
sharqshunoslik	noun
shart	noun
shavkat	noun
shavvol	noun
shaxmat	noun
shaxmatchi	noun
shaxs	noun
shaxsan	adv
shaxsiy	adj
shaxsiyat	noun
shayton	noun
shayx	noun
shaʼbon	noun
sher	noun
sherali	name
sherdor	adj
sherzod	name
shezlong	noun
shiddat	noun
shiddatli	adj
shifo	noun
shifobaxsh	adj
shifokor	noun
shifoxona	noun
shiiy	noun
shikoyat	noun
shim	noun
shimol	noun
shimoliy	adj
shin	noun
shina	noun
shirin	adj
shirkat	noun
shisha	noun
shishirmoq	verb
shishmoq	verb
shkaf	noun
shnur	noun
shod	adj
shohid	noun
shohjahon	name
shohnoma	name
shohona	adj
shohrux	name
shoir	noun
shoira	noun
shoirona	adj
shokolad	noun
shol	noun
shomurodov	name
shoshilinch	adj
shosse	noun
shox	noun
shoʻro	noun
shri-lanka	name
shtat	noun
shu	pron
shubha	noun
shuhrat	noun
shukur	intj,name
shukurov	name
shumurt	noun
shuur	noun
shuuriy	adj
shvetsiya	name
shvetsiyalik	noun
shveysariya	name
shveysariyalik	noun
sifat	noun
sifatli	adj
sigara	noun
sigareta	noun
sigir	noun
sihat	noun
sikmoq	verb
siloh	noun
simpatiya	noun
sin	noun
sinf	noun
singil	noun
sinonim	noun
sir	noun
sirdaryo	name
sirka	noun
sistema	noun
siydik	noun
siyoh	adj,noun
siyosat	noun
siyosiy	adj
siz	pron
sklad	noun
skripka	noun
slovak	adj,noun
slovakiya	noun
sloveniya	name
soat	noun
soatli	adj
sobiq	adj
sobor	noun
soch	noun
sod	noun
sodiq	adj
sof	adj
soflik	noun
sogʻlik	noun
soha	noun
sohib	noun
sohiblik	noun
sohil	noun
sohir	adj,noun
sokin	adj
soldat	noun
somiy	noun
somsa	noun
son	noun
sonet	noun
soniya	noun
sonli	adj
soqol	noun
soqolli	adj
soqolsiz	adj
sotmoq	verb
sotsializm	noun
sovet	noun
sovun	noun
sovunli	adj
sovuq	adj
sovuqlik	noun
sovxoz	noun
soyuz	noun
soʻfi	noun
soʻm	adj,noun
soʻnggi	adj
soʻqirlik	noun
soʻramoq	verb
soʻroq	noun
soʻz	noun
soʻzlik	noun
spektakl	noun
spidometr	noun
spirtli	adj
ssenarist	noun
ssri	name
ssuda	noun
stachka	noun
stakan	noun
stalin	name
stalinchi	noun
stenografik	adj
stol	noun
studiya	noun
stul	noun
subut	noun
subʼyekt	noun
sud	noun
sudya	noun
sufiy	noun
suhbat	noun
sukunat	noun
sulaymoniya	name
sulh	noun
sulton	noun
sultonlik	noun
sumalak	noun
sumka	noun
sunniy	noun
sunʼiy	adj
sura	noun
surat	noun
surayyo	name
surinam	name
suriya	noun
suriyalik	noun
suryoniy	noun
suryoniycha	adv
surʼat	noun
sustkashlik	noun
sutsizlik	noun
suv	noun
suvaydo	name
suveren	noun
suvlilik	noun
suvsar	noun
suvsizlik	noun
suyak	noun
suzuk	adj
suzuvchi	noun
svecha	noun
sviter	noun
syuita	noun
taarruz	noun
taassurot	noun
tabaqa	noun
tabiat	noun
tabib	noun
tabiiy	adj
tabobat	noun
tachanka	noun
tachka	noun
tadbir	noun
tadqiq	noun
tadqiqot	noun
tadqiqotchi	noun
tadrij	noun
tadrijiy	adj
tafakkur	noun
tafovut	noun
tafsil	noun
tafsiliy	adj
tafsilli	adj
tafsilot	noun
tafsir	noun
tagʻin	adv
tahammul	noun
tahayyur	noun
tahdid	noun
tahlil	noun
tahqiq	noun
tahqir	noun
tahrir	noun
tahsil	noun
tailand	name
tajalli	noun
tajovuz	noun
tajovuzkorlik	noun
tajriba	noun
tajvid	noun
takabbur	adj
takalluf	noun
takomil	noun
takror	adv,noun
takroriy	adj
takrorlamoq	verb
takrorlanmoq	verb
takya	noun
takyaxona	noun
talab	verb
talaba	noun
talaffuz	noun
talʼat	name,noun
tamal	noun
tamiz	noun
tamom	adj
tamoman	adv
tamomlamoq	verb
tamosho	noun
tanaffus	noun
tanazzul	noun
tanbal	adj
tanballik	noun
tannoz	adj
tanzaniya	name
taomnoma	noun
taqchil	adj
taqdim	noun
taqdimot	noun
taqdir	noun
taqlid	noun
taqlidchi	noun
taqlidiy	adj
taqmoq	verb
taqriban	adv
taqsim	noun
taqsimlamoq	verb
taqsimlanmoq	verb
taqvim	noun
taqvo	noun
taraddud	noun
taraf	noun
tarafdor	noun
taramoq	verb
taraqqiy	adj
taraqqiylashmoq	verb
taraqqiyot	noun
tarbiyasizlik	noun
tariq	noun
tarix	noun
tarixan	adv
tarixchi	noun
tarixiy	adj
tarjima	noun
tarjimashunos	noun
tarjimashunoslik	noun
tarjimon	noun
tark	noun
tarkib	noun
tarkibiy	adj
tarmoq	noun
taroq	noun
tartib	noun
tartibli	adj
tartibsizlik	noun
tarvuz	noun
tasadduq	noun
tasalli	noun
tasarruf	noun
tasavvur	noun
tasdiq	noun
tasdiqlashmoq	verb
tashabbus	noun
tashimoq	verb
tashkil	noun
tashkilot	noun
tashqi	adj
tashrif	noun
tashviq	noun
tashviqot	noun
tashvish	noun
tashvishlanmoq	verb
taskin	noun
taslim	noun
tasnif	noun
tasodif	noun
tasodifan	adv
tasodifiy	adj
tasvir	noun
tatar	adj,noun
tatariston	name
tatbiq	noun
tavakkal	noun
tavba	noun
tavoze	noun
tavsiya	noun
taxallus	noun
taxmin	noun
taxminan	adv
taxminiy	adj
taxt	noun
tayoq	noun
tayvan	name
tayyora	noun
tayyorlamoq	verb
tayyorlik	noun
tazkira	noun
tazyiq	noun
taʼminot	noun
taʼmir	noun
taʼsir	noun
taʼsirli	adj
teatr	noun
tegmoq	verb
tehron	name
tehronlik	noun
televizor	noun
tema	noun
temir	noun
temperatura	noun
teng	adj
tenglik	noun
ter	noun
terak	noun
teri	noun
terim	noun
termiz	name
termoq	verb
terrorchi	noun
tez	adj,adv
tezlik	noun
tib	noun
tibbiy	adj
tibbiyot	noun
tijorat	noun
tijoriy	adj
til	noun
tilamoq	verb
tilla	noun
tillakori	noun
tilovat	noun
tilshunos	noun
tilshunoslik	noun
timsoh	noun
tinch	adj
tinchlik	noun
tirnoq	noun
tish	noun
tizim	noun
tizza	noun
to	noun,prep
togo	name
togʻ	noun
toifa	noun
tojik	noun
tojikiston	name
tole	noun
tomat	noun
tomchi	noun
tomonidan	postp
tomosha	noun
tong	noun
topmoq	verb
topograf	noun
topografik	adj
topografiya	noun
tor	adj,noun
tortma	noun
tortmoq	verb
tosh	noun
toshbaqa	noun
toshkent	name
totli	adj
tovar	noun
tovuq	noun
tovus	noun
tovushqon	noun
toy	noun
tozalik	noun
toʻfon	noun
toʻgʻri	adj
toʻngmoq	verb
toʻngʻiz	noun
toʻq	adj
toʻqqiz	num
toʻqqizinchi	num
toʻqson	num
toʻqsoninchi	num
toʻrt	num
toʻrtinchi	adj
toʻti	noun
toʻy	noun
toʻymoq	verb
toʻzon	noun
traktor	noun
trassa	noun
trubka	noun
tubo	name
tufli	noun
tugʻmoq	verb
tuhfa	noun
tuhmat	noun
tulki	noun
tuman	noun
tumbochka	noun
tun	noun
tunis	name
tunislik	noun
tuproq	noun
turgʻunboyev	name
turgʻunboyeva	name
turk	adj,noun
turkiston	name
turkiy	adj
turkiya	name
turkiyshunos	noun
turkiyshunoslik	noun
turkman	adj,noun
turkmaniston	name
turkmon	noun
tush	noun
tushmoq	verb
tushunmoq	verb
tushuntirmoq	verb
tutishmoq	verb
tutmoq	verb
tutun	noun
tuxum	noun
tuya	noun
tuygʻu	noun
tuyuq	noun
tuz	noun
tuzatish	noun
tuzsiz	adj
tuzum	noun
u	det,pron
uch	num
uchinchi	num
uchmoq	verb
uchramoq	verb
uchun	postp
uels	name
ufq	noun
uka	noun
ukki	noun
ukrain	adj,noun
ukraina	name
ular	pron
umid	noun
umidsizlik	noun
umr	noun
umra	noun
umum	adj,noun
umuman	adv
umumiy	adj
umumlashtirmoq	verb
umurtqa	noun
umurtqali	adj
umurtqasiz	adj
un	noun
univermag	noun
universitet	noun
unumsizlik	noun
unvon	noun
uqubat	noun
uquvsizlik	noun
uradi	verb
uradilar	verb
uraman	verb
uramiz	verb
urasan	verb
urasiz	verb
urf	noun
urganch	name
urgʻochi	noun
urgʻu	noun
urmoq	verb
urugvay	name
urugʻ	noun
urugʻlanish	noun
urush	noun
uslub	noun
usmon	name
ustaxona	noun
uvertyura	noun
uxlamoq	verb
uy	noun
uyat	noun
uyga	adv
uygʻonmoq	verb
uygʻur	adj,name,noun
uygʻuriston	name
uymoq	verb
uyqu	noun
uyum	noun
uyur	noun
uzoq	adj
uzoqov	name
uzoqova	name
uzr	intj,noun
uzuk	noun
uzum	noun
va	conj
vabo	noun
vafo	noun
vafot	noun
vahron	name
vahshiy	adj
vakil	noun
vanadiy	noun
vanilin	noun
vanna	noun
vaqt	noun
varrak	noun
vasiy	noun
vasiyat	noun
vasiyatnoma	noun
vatan	noun
vatikan	noun
vatt	noun
vaza	noun
vazifa	noun
vazir	noun
vaziyat	noun
vazmin	adj
vazn	noun
vaʼz	noun
vedomost	noun
velosiped	noun
venesuela	name
vengriya	name
vergul	noun
vertolyot	noun
vijdon	noun
vijdoniy	adj
vikipediya	name
vikont	noun
viloyat	noun
viski	noun
vitse-prezident	noun
vodiy	noun
vodorod	noun
voleybolchi	noun
volidayn	noun
volost	noun
voqea	noun
voris	noun
vosit	name
vosita	noun
vov	noun
vujud	noun
vulqon	noun
vyetnam	name
xabar	noun
xachir	noun
xalat	noun
xalifa	noun
xalifalik	noun
xalq	noun
xalqaro	adj
xamdamov	name
xamir	noun
xamsa	noun
xarajat	noun
xarita	noun
xastalik	noun
xat	noun
xatib	noun
xato	noun
xattot	noun
xavf	noun
xavotir	noun
xayol	noun
xayr	noun
xazina	noun
xazinador	noun
xiralik	noun
xislat	noun
xitob	noun
xitoy	name
xitoycha	adv
xitoylik	noun
xiva	name
xiyla	adv
xiyonat	noun
xizmat	noun
xodim	noun
xohlamoq	verb
xoin	adj
xok	noun
xoki	adj
xokisor	adj
xolmatov	name
xolodilnik	noun
xolos	adv
xomanaiy	name
xon	noun
xonaqoh	noun
xonim	noun
xonlik	noun
xorazm	name
xorijiy	adj
xorvatiya	noun
xos	adj
xosiyat	noun
xotima	noun
xotin	noun
xotira	noun
xotirjamlik	noun
xoʻja	noun
xoʻjaligi	noun
xoʻroz	noun
xristian	noun
xristianlik	noun
xudbin	adj,noun
xudo	noun
xuligan	noun
xulosa	noun
xumayniy	name
xums	noun
xurofiy	adj
xurofot	noun
xursand	adj
xusanov	name
xusus	noun
xususan	adv
xususiy	adj
xususiyat	noun
xutba	noun
yacheyka	noun
yagona	adj
yahudiy	noun
yak	num
yakdillik	noun
yakshanba	noun
yakunlamoq	verb
yalangʻoch	adj
yaman	name
yamayka	name
yan	noun
yana	adv
yangi	adj
yangilanmoq	verb
yangilik	noun
yangiliklar	noun
yanvar	noun
yaponcha	adv
yaponiya	noun
yaproq	noun
yaratmoq	verb
yarimshar	noun
yashamoq	verb
yashik	noun
yashil	adj
yashnamoq	verb
yaxshi	adj
yaʼjuj	name
yaʼni	intj,verb
yaʼqub	name
yel	noun
yelka	noun
yemoq	verb
yeng	noun
yer	noun
yetmish	num
yetmishinchi	num
yetti	num
yettinchi	num
yevropa	name
yevrosiyo	name
yig	noun
yigirma	num
yigirmanchi	num
yigʻlamoq	verb
yil	noun
yogʻ	noun
yoki	conj
yolgʻon	adj,noun
yolgʻonchi	noun
yomgʻir	noun
yomon	adj
yomonlik	noun
yoqimli	adj
yoqmoq	verb
yoqub	name
yoqut	adj,noun
yordam	noun
yorimoq	verb
yormoq	verb
yorugʻ	adj,noun
yosh	adj,noun
yotmoq	verb
yoz	noun
yozmoq	verb
yozuv	noun
yozuvchi	noun
yoʻg	noun
yoʻgʻon	adj
yoʻl	noun
yoʻlbars	noun
yoʻldosh	noun
yoʻq	particle
yoʻriqnoma	noun
yoʻsin	noun
yubormoq	verb
yugurmoq	verb
yuk	noun
yulduz	noun
yunon	adj,noun
yunoniston	name
yurak	noun
yurisdiksiya	noun
yusufxon	name
yusupov	name
yuz	noun,num
yuzinchi	num
yuzsizlik	noun
zabastovka	noun
zaboy	noun
zachyot	noun
zafar	noun
zaif	adj
zaiflashmoq	verb
zakar	noun
zakon	noun
zakot	noun
zamin	noun
zamon	noun
zang	noun
zarar	noun
zararli	adj
zararsiz	adj
zarb	noun
zarba	noun
zardoʻz	noun
zardoʻzlik	noun
zardusht	name
zardushtiy	noun
zarif	adj
zarurat	noun
zaruriy	adj
zavj	noun
zavja	noun
zavod	noun
zavq	noun
zaxlik	noun
zaytun	noun
zehn	noun
zehniy	adj
zehniyat	noun
zichlik	noun
zid	adj
ziddiyat	noun
zikr	noun
zilol	adj
zilzila	noun
zilzilashunos	noun
zilzilashunoslik	noun
zirbak	noun
zirhli	adj
zirvak	noun
ziynat	noun
ziyo	name,noun
ziyoda	postp
ziyofat	noun
ziyon	noun
ziyonli	adj
ziyonsiz	adj
ziyorat	noun
zmeyevik	noun
zo	noun
zod	noun
zodagonlik	noun
zohid	adj
zohir	adj
zohiriy	adj
zol	noun
zont	noun
zontik	noun
zoopark	noun
zuhra	name
zulhijja	noun
zulkifl	name
zulmat	noun
zulqarnayn	name
zulqaʼda	noun
ʼ	character
