word	form
abad	
abı	
abırlı	
abırsız	
ac	apac
acgöz	
aciz	
acı	apacı
acımsov	
acınacaqlı	
adamaoxşamaz	
adamoynadan	
adamsatan	
adaxlı	
adda-budda	
adi	
adla	
adlı-sanlı	
adsız	
ahıl	
ailədaxili	
ailəvi	
akademik	
akrobatik	
al	
al-əlvan	
ala	
ala-bula	
ala-yarımçıq	
alagöz	
ali	
alicənab	
almandilli	
alovlu	
alt	
aludə	
alçaldıcı	
alçaq	
alıcı	
alınma	
alınmaz	
amansız	
amerikalı	
amm	
anadangəlmə	
anlamaz	
anormal	
anqutboğaz	
aparıcı	
aqlütinativ	
ardıcıl	
arif	
armudu	
arsız	
artıq	
arxa	
arxaik	
arxalı	
arxayın	
arzuolunmaz	
arıq	
asan	
asma	
asmani	
asmanrəng	
asta	
asudə	
asılı	
atlı	
atılmış	
avam	
avand	
avtomat	
avtomatik	
axmaq	
axta	
axıcı	
axırıncı	
axşamkı	
ayaqyalın	
ayaz	
aydın	apaydın
aydınlıq	
aylıq	
ayrı	
ayrılmaz	
aysız	
ayıq	
az	
azad	
azarlı	
azdanışan	
azişlənən	
azman	
aztapılan	
aztutumlu	
azuşaqlı	
azyaşlı	
azğın	
azərbaycandilli	
azərbaycanlı	
açma	
açılmaz	
açıq	apaçıq
ağ	ağappaq
ağa	
ağardıcı	
ağciyər	ağciyərlər
ağciyər	ağciyəri
ağciyər	ağciyərləri
ağciyər	ağciyərə
ağciyər	ağciyərlərə
ağciyər	ağciyərdə
ağciyər	ağciyərlərdə
ağciyər	ağciyərdən
ağciyər	ağciyərlərdən
ağciyər	ağciyərin
ağciyər	ağciyərlərin
ağciyər	ağciyərim
ağciyər	ağciyərlərim
ağciyər	ağciyərimiz
ağciyər	ağciyərlərimiz
ağciyər	ağciyəriniz
ağciyər	ağciyərləriniz
ağciyər	ağciyərimi
ağciyər	ağciyərlərimi
ağciyər	ağciyərini
ağciyər	ağciyərlərini
ağciyər	ağciyərimizi
ağciyər	ağciyərlərimizi
ağciyər	ağciyərinizi
ağciyər	ağciyərlərinizi
ağciyər	ağciyərimə
ağciyər	ağciyərlərimə
ağciyər	ağciyərinə
ağciyər	ağciyərlərinə
ağciyər	ağciyərimizə
ağciyər	ağciyərlərimizə
ağciyər	ağciyərinizə
ağciyər	ağciyərlərinizə
ağciyər	ağciyərimdə
ağciyər	ağciyərlərimdə
ağciyər	ağciyərində
ağciyər	ağciyərlərində
ağciyər	ağciyərimizdə
ağciyər	ağciyərlərimizdə
ağciyər	ağciyərinizdə
ağciyər	ağciyərlərinizdə
ağciyər	ağciyərimdən
ağciyər	ağciyərlərimdən
ağciyər	ağciyərindən
ağciyər	ağciyərlərindən
ağciyər	ağciyərimizdən
ağciyər	ağciyərlərimizdən
ağciyər	ağciyərinizdən
ağciyər	ağciyərlərinizdən
ağciyər	ağciyərimin
ağciyər	ağciyərlərimin
ağciyər	ağciyərinin
ağciyər	ağciyərlərinin
ağciyər	ağciyərimizin
ağciyər	ağciyərlərimizin
ağciyər	ağciyərinizin
ağciyər	ağciyərlərinizin
ağdərili	
ağlabatmaz	
ağlasığmaz	
ağlağan	
ağrıkəsici	
ağrısız	
ağuz	
ağıllı	
ağılsız	
ağılı	
ağır	
ağırtərpənən	
ağızəmməz	
aşağı	
aşiq	
aşkar	apaşkar
aşılmaz	
babadanqalma	az
babat	
badamı	
badamşəkilli	
badımcanburun	
badəpərəst	
baha	
bahalı	
bakir	
bakirə	
bakılı	
balaca	bapbalaca
baltakəsməz	
bariz	
basılmaz	
bayat	
bayağı	
bayğın	
bağlı	
bağırdələn	
bağıryaran	
bağışlanmaz	
bağışlanılmaz	
başağrıdıcı	
başdansovdu	
başlanğıc	
başlıca	
başqa	bambaşqa
başıqapazlı	
başıörtülü	
beynəlmiləl	
beynəlmiləlçi	
beynəlxalq	
bezmiş	
biabır	
biabırçı	
bic	
biganə	
bihuş	
bilavasitə	
bilici	
bilinməz	
binamus	
binəzir	
bioloji	
birhüceyrəli	
birləşdirici	
birləşmiş	
birmənalı	
birrəqəmli	
birtərəfli	
bisavad	
bitişik	
bitərəf	
bivec	
bivəfa	
biçarə	
bişmiş	
bol	bombol
bomba	
borclu	
boylu	
boz	bomboz
bozumtul	
boğanaq	
boğaz	
boş	bomboş
boşbeyin	
bugünkü	
bulanıq	
buludlu	
buruq	
buynuzvari	
buyurtma	
buzlu	
buğur	
böyük	
bülül	
bürüşük	
bütöv	
bədbəxt	
bədii	
bədnal	
bədnam	
bədrəng	
bədxah	
bədxərc	
bəlağətli	
bəlli	bəsbəlli
bəlğəmgətirici	
bələd	
bənd	
bənzər	
bənzərsiz	
bənövüş	
bənövşəyi	
bərabər	
bərabərtərəfli	
bərabəryanlı	
bərbad	
bərk	bəmbərk
bəs	
bəsit	
bəxtiyar	
bəxtli	
bəxtəvər	
bəzəkli	bərbəzəkli
cabəca	
cahanşümul	
calaq	
canfəşan	
canlı	
cansıxıcı	
cari	
cavabdeh	
cavan	
cazibədar	
ciddi	
cingiltili	
cinsi	
cod	
comərd	
coşqun	
cüda	
cüzi	
cındır	
cırıq	
cəbri	
cəlbedici	
cəld	
cənub-qərbi	
cənub-şərqi	
cənubi	
cərrahi	
cəsarətli	
cəsarətsiz	
cəsim	
cəsur	
cəzalandırıcı	
cəzaverici	
dadlı	
dadsız	
dahi	
daima	
daimi	
dair	
dairəvi	
dalğın	
damaqarxası	
damaqortası	
damaqönü	
damğalı	
danılmaz	
danışqan	
dar	
daraqbatmaz	
dardüşüncəli	
dargöz	
dartılı	
darçını	
darısqal	
darıxdırıcı	
davamlı	
daxil	
daxili	
dayanmaz	
dayanıqlı	
dayaz	
daz	
dağlı	
dağlıq	
dağıdılmaz	
dağıstanlı	
daşınabilən	
daşınar	
daşınmaz	
daşıyıcı	
demoqrafik	
deyingən	
didik	
didərgin	
digital	
dik	dimdik
dikbaş	
dikdaban	
dilarxası	
dilortası	
dilönü	
dinc	
dindar	
dini	
diqqətcil	
diqqətli	
diri	dipdiri
diribaş	
diridoğan	
divanə	
dodaqlanan	
dodaqlanmayan	
dolama	
dolanbac	
dolayı	
dolaşıq	
dolu	dopdolu
dolğun	
don	
dondurma	dondurmalar
dondurma	dondurmanı
dondurma	dondurmaları
dondurma	dondurmaya
dondurma	dondurmalara
dondurma	dondurmada
dondurma	dondurmalarda
dondurma	dondurmadan
dondurma	dondurmalardan
dondurma	dondurmanın
dondurma	dondurmaların
dondurma	dondurmam
dondurma	dondurmalarım
dondurma	dondurman
dondurma	dondurması
dondurma	dondurmamız
dondurma	dondurmalarımız
dondurma	dondurmanız
dondurma	dondurmalarınız
dondurma	dondurmamı
dondurma	dondurmalarımı
dondurma	dondurmalarını
dondurma	dondurmasını
dondurma	dondurmamızı
dondurma	dondurmalarımızı
dondurma	dondurmanızı
dondurma	dondurmalarınızı
dondurma	dondurmama
dondurma	dondurmalarıma
dondurma	dondurmana
dondurma	dondurmalarına
dondurma	dondurmasına
dondurma	dondurmamıza
dondurma	dondurmalarımıza
dondurma	dondurmanıza
dondurma	dondurmalarınıza
dondurma	dondurmamda
dondurma	dondurmalarımda
dondurma	dondurmanda
dondurma	dondurmalarında
dondurma	dondurmasında
dondurma	dondurmamızda
dondurma	dondurmalarımızda
dondurma	dondurmanızda
dondurma	dondurmalarınızda
dondurma	dondurmamdan
dondurma	dondurmalarımdan
dondurma	dondurmandan
dondurma	dondurmalarından
dondurma	dondurmasından
dondurma	dondurmamızdan
dondurma	dondurmalarımızdan
dondurma	dondurmanızdan
dondurma	dondurmalarınızdan
dondurma	dondurmamın
dondurma	dondurmalarımın
dondurma	dondurmalarının
dondurma	dondurmasının
dondurma	dondurmamızın
dondurma	dondurmalarımızın
dondurma	dondurmanızın
dondurma	dondurmalarınızın
doqquzuncu	
doymaz	
doyğun	
doğma	
doğru	dopdoğru
doğru	dosdoğru
dumanlı	
dur	
duru	dumduru
durğun	
duyulmaz	
duyuq	
duzlu	
duzsuz	
dönük	
dördüncü	
dövlətlərarası	
dövri	
dövrəvi	
döymə	döymələr
döymə	döyməni
döymə	döymələri
döymə	döyməyə
döymə	döymələrə
döymə	döymədə
döymə	döymələrdə
döymə	döymədən
döymə	döymələrdən
döymə	döymənin
döymə	döymələrin
döymə	döyməm
döymə	döymələrim
döymə	döymən
döymə	döyməsi
döymə	döyməmiz
döymə	döymələrimiz
döymə	döyməniz
döymə	döymələriniz
döymə	döyməmi
döymə	döymələrimi
döymə	döymələrini
döymə	döyməsini
döymə	döyməmizi
döymə	döymələrimizi
döymə	döymənizi
döymə	döymələrinizi
döymə	döyməmə
döymə	döymələrimə
döymə	döymənə
döymə	döymələrinə
döymə	döyməsinə
döymə	döyməmizə
döymə	döymələrimizə
döymə	döymənizə
döymə	döymələrinizə
döymə	döyməmdə
döymə	döymələrimdə
döymə	döyməndə
döymə	döymələrində
döymə	döyməsində
döymə	döyməmizdə
döymə	döymələrimizdə
döymə	döymənizdə
döymə	döymələrinizdə
döymə	döyməmdən
döymə	döymələrimdən
döymə	döyməndən
döymə	döymələrindən
döymə	döyməsindən
döymə	döyməmizdən
döymə	döymələrimizdən
döymə	döymənizdən
döymə	döymələrinizdən
döymə	döyməmin
döymə	döymələrimin
döymə	döymələrinin
döymə	döyməsinin
döymə	döyməmizin
döymə	döymələrimizin
döymə	döymənizin
döymə	döymələrinizin
döyüşkən	
dözülməz	
dözümlü	
dözümsüz	
dünyəvi	
dünənki	
dürüst	
dütdülü	
düz	dümdüz
düz-əməlli	
düzbucaqlı	
düzgün	
düzən	
düçar	
düşkün	
düşük	
düşüncəli	
düşərli	
dırnaqarası	
dəcəl	
dəhşətli	
dəli	
dəlik	
dəlik-deşik	
dəlisov	
dəqiq	
dəri	
dəridilli	
dərin	
dərindüşüncəli	
dərəcəli	
dəyirmi	
dəyişik	
dəyişkən	
dəymiş	
dəyər	
dəyərbilməz	
dəyərli	
ecazkar	
ecgahan	
ehtiramlı	
ehtiramsız	
ehtiyatlı	
ekspromt	
ekssentrik	
elektrik	
elitar	
elmi	
elə-belə	
enlisifət	
ensiklopedik	
epidemioloji	
erkək	
erkən	
ermənidilli	
ertələyici	
etibarlı	
etibarsız	
etimoloji	
evli	
evsiz	
eybəcər	
eyib	
eyniölçülü	
eşik	
faciəvi	
faizsiz	
faktiki	
fani	
farsdilli	
fasiləsiz	
faydalı	
fağır	
feli	
fikirli	
fikirsiz	
filippinli	
firuzəyi	
fitri	
fonoloji	
fransızdilli	
fövqəladə	
fövqəltəbii	
füsunkar	
fəal	
fədakar	
fəhmli	
fəhmsiz	
fəlsəfi	
fərari	
fərasətli	
fərd	
fərdi	
fərli	
fərqli	
fərəhli	
fəsih	
gec	
gedərgi	
geniş	
genişmiqyaslı	
genişyarpaqlı	
genişzolaqlı	
geosiyasi	
gerçək	
gerçəkçi	
geydirmə	
gic	
gicdıllaq	
girdə	gipgirdə
gizli	
gizlin	
gombul	
gorbagor	
gur	gumgur
gödək	
gödərək	
gönüqalın	
görkəmli	
görünməz	
göt-göt	
götlü-başlı	
göy	gömgöy
göygöz	
göyçək	
gözlənilməz	
gözüaçıq	
gözüdoymaz	
gözədəyən	
gözəl	
gözəçarpan	
güclü	
gücsüz	
gülməli	
gülməşəkər	
gülümsər	
gülünc	
gülərüz	
gümrah	
günahsız	
güncəl	
gündəlik	
güngörməz	
günlü	
günsüz	
günəşli	
gəldi-gedər	
gələcək	
gələcəkçi	
gənc	
gərgin	
gərək	
gərəkli	
gərəksiz	
gəzərgi	
hakim	
halal	
halsız	
hamar	haphamar
hamilə	
haram	
havasız	
hazır	
hazırcavab	
heravat	
herpet	
heyf	heyflər
heyf	heyfi
heyf	heyfləri
heyf	heyfə
heyf	heyflərə
heyf	heyfdə
heyf	heyflərdə
heyf	heyfdən
heyf	heyflərdən
heyf	heyfin
heyf	heyflərin
heyf	heyfim
heyf	heyflərim
heyf	heyfimiz
heyf	heyflərimiz
heyf	heyfiniz
heyf	heyfləriniz
heyf	heyfimi
heyf	heyflərimi
heyf	heyfini
heyf	heyflərini
heyf	heyfimizi
heyf	heyflərimizi
heyf	heyfinizi
heyf	heyflərinizi
heyf	heyfimə
heyf	heyflərimə
heyf	heyfinə
heyf	heyflərinə
heyf	heyfimizə
heyf	heyflərimizə
heyf	heyfinizə
heyf	heyflərinizə
heyf	heyfimdə
heyf	heyflərimdə
heyf	heyfində
heyf	heyflərində
heyf	heyfimizdə
heyf	heyflərimizdə
heyf	heyfinizdə
heyf	heyflərinizdə
heyf	heyfimdən
heyf	heyflərimdən
heyf	heyfindən
heyf	heyflərindən
heyf	heyfimizdən
heyf	heyflərimizdən
heyf	heyfinizdən
heyf	heyflərinizdən
heyf	heyfimin
heyf	heyflərimin
heyf	heyfinin
heyf	heyflərinin
heyf	heyfimizin
heyf	heyflərimizin
heyf	heyfinizin
heyf	heyflərinizin
heyrətamiz	
hikmətli	
hindistanlı	
hindli	
hozəki	
husi	
hörmətcil	
hörmətli	
hörmətsiz	
hündür	
hüquqi	
hüznlü	
hədsiz	
həftəlik	
həlim	
həlledici	
həllolunmaz	
həmrəy	
həmyaş	
həmşəhər	
həqiqi	
hərbi	
həsrətli	
həssas	
həyasız	
həyəcanlı	
həzin	
ibarət	
ibri	
ibrətamiz	
ibrətli	
ibtidai	
icazəli	
icraedici	
ictimai	
ideoloji	
idillik	
ifrat	
igid	
ikiadamlıq	
ikiatomlu	
ikiayaqlı	
ikiağızlı	
ikibaşlı	
ikicanlı	
ikidilli	
ikigünlük	
ikili	
ikilik	
ikimənalı	
ikinəfərlik	
ikitərəfli	
ikiyaşar	
ikiyaşlı	
ikiüzlü	
ilahi	
ilk	
ilkin	
illik	
iltisaqi	
ilıq	
imkansız	
inad	
inadkar	
inadlı	
inanclı	
inandırıcı	
inanılmaz	
incə	
ingilisdilli	
insanabənzər	
intizamlı	
intəhasız	
inzibati	
iqtisadi	
irandilli	
iranlı	
iraq	
iraqlı	
iri	ipiri
irimiqyaslı	
iriçaplı	
irlanddilli	
irsi	
islaq	
ispandilli	
israfcıl	
israrlı	
istedadlı	
istedadsız	
isti	ipisti
italyan	
italyandilli	
iti	
ivrit	
ixtisaslaşmış	
ixtiyar	
ixtiyari	
iyrənc	
izləyici	
iç	
içkili	
içməli	
işcil	
işgüzar	
işlək	
iştahasız	
kal	
kalan	
kaman	
kambocalı	
kamil	
kar	
kasad	
kasıb	
kefli	
kefsiz	
keyfiyyətli	
keyfiyyətsiz	
keçici	
keçilməz	
keçəl	
keçərli	
kifir	
kimyəvi	
kinayəli	
kip	
kirayə	
kirli	
kiçik	
kiçikçaplı	
klassik	
kobud	korkobud
kobudca	
kompakt	
konstruktiv	
kor	
koreyalı	
kortəbii	
kosmik	
kostyumlu	
kuir	
kustar	
köhnə	
kök	
kökümsov	
köndələn	
köntöy	
könüllü	
kövrək	
köçəri	
küləkli	
kürən	
küt	
kütləvi	
kədərli	
kəhər	
kəllədaxili	
kəsik	
kəskin	
labüd	
lacivərd	
lacivərdi	
lal	
laqeyd	
lax	
layiq	
lazım	
lazımlı	
lazımsız	
leksik	
loru	
lovğa	
lüks	
lümə	
lüt	lümlüt
lıxcım	
ləla	
ləziz	
ləzzətli	
ləzzətsiz	
ləçər	
maddi	
mahir	
malik	malikəm
malik	maliksən
malik	malikdir
malik	malikik
malik	maliksiniz
malik	malikdirlər
maraqcıl	
maraqlı	
martı	
masaüstü	
mavi	
maye	
mehriban	
meyilli	
meymunabənzər	
milli	
millətlərarası	
minnətdar	
misilsiz	
misirli	
miskin	
mixi	
miyanə	
monqol	
morfoloji	
motoatıcı	
murdar	
muxtar	
muzdlu	
muğayat	
möcüzəvi	
möhkəm	
möhtərəm	
möhtəşəm	
mötəbər	
mötədil	
mövcud	
mövhum	
müasir	
mübahisəli	
mübarək	
mübtəla	
mücərrəd	
mücəssəm	
müdhiş	
müdrik	
müflis	
müftə	
müfəssəl	
mühyi	
mühüm	
mükəmməl	
mülayim	
mülki	
mümkün	
mümkünsüz	
münasib	
münbit	
müntəzəm	
müqayisəli	
müqtədir	
müqəddəs	
müqəssir	
mürr	
mürtəce	
mürəkkəb	
müsbət	
müstəqil	
müstəqim	
müstəsna	
müstəvi	
müsəlləh	
mütaliəli	
müti	
mütləq	
mütəhərrik	
mütəmadi	
mütənasib	
mütərəddid	
mütərəqqi	
mütəşəkkil	
mütəşəkkir	
mütəəssif	
mütəəssir	
müvafiq	
müvazi	
müvəffəq	
müvəffəqiyyətli	
müvəqqəti	
müxtəsər	
müzəffər	
müşahidəçi	
müşərrəf	
müəmmalı	
müəssir	
müəyyən	
müəzzəm	
məcazi	
məcbur	
məcburi	
məchul	
məcnun	
məcusi	
mədəni	
məhdud	
məhrum	
məhsuldar	
məhsulsuz	
məhəlli	
məlum	
məlumatlı	
mələz	
məmnun	
mənalı	
mənasız	
mənfi	
mənsub	
məntiqi	
məntiqli	
məntiqsiz	
mənəvi	
məqbul	
məqsədyönlü	
məqsədəuyğun	
mərd	
mərdimgiriz	
mərdiməzar	
mərhum	
mərkəzdənqaçma	
mərkəzi	
mərkəzsiz	
mərkəzəqaçma	
məruz	
məskun	
məsləhətli	
məsud	
məsul	
məsum	
məxfi	
məxsus	
məyus	
məzlum	
məzəli	
məğlub	
məğrur	
məğrurluq	məğrurluğu
məğrurluq	məğrurluqlar
məğrurluq	məğrurluqları
məğrurluq	məğrurluğa
məğrurluq	məğrurluqlara
məğrurluq	məğrurluqda
məğrurluq	məğrurluqlarda
məğrurluq	məğrurluqdan
məğrurluq	məğrurluqlardan
məğrurluq	məğrurluğun
məğrurluq	məğrurluqların
məğrurluq	məğrurluğum
məğrurluq	məğrurluqlarım
məğrurluq	məğrurluğumuz
məğrurluq	məğrurluqlarımız
məğrurluq	məğrurluğunuz
məğrurluq	məğrurluqlarınız
məğrurluq	məğrurluğumu
məğrurluq	məğrurluqlarımı
məğrurluq	məğrurluğunu
məğrurluq	məğrurluqlarını
məğrurluq	məğrurluğumuzu
məğrurluq	məğrurluqlarımızı
məğrurluq	məğrurluğunuzu
məğrurluq	məğrurluqlarınızı
məğrurluq	məğrurluğuma
məğrurluq	məğrurluqlarıma
məğrurluq	məğrurluğuna
məğrurluq	məğrurluqlarına
məğrurluq	məğrurluğumuza
məğrurluq	məğrurluqlarımıza
məğrurluq	məğrurluğunuza
məğrurluq	məğrurluqlarınıza
məğrurluq	məğrurluğumda
məğrurluq	məğrurluqlarımda
məğrurluq	məğrurluğunda
məğrurluq	məğrurluqlarında
məğrurluq	məğrurluğumuzda
məğrurluq	məğrurluqlarımızda
məğrurluq	məğrurluğunuzda
məğrurluq	məğrurluqlarınızda
məğrurluq	məğrurluğumdan
məğrurluq	məğrurluqlarımdan
məğrurluq	məğrurluğundan
məğrurluq	məğrurluqlarından
məğrurluq	məğrurluğumuzdan
məğrurluq	məğrurluqlarımızdan
məğrurluq	məğrurluğunuzdan
məğrurluq	məğrurluqlarınızdan
məğrurluq	məğrurluğumun
məğrurluq	məğrurluqlarımın
məğrurluq	məğrurluğunun
məğrurluq	məğrurluqlarının
məğrurluq	məğrurluğumuzun
məğrurluq	məğrurluqlarımızın
məğrurluq	məğrurluğunuzun
məğrurluq	məğrurluqlarınızın
məşhur	
məşruti	
məşuq	
məşvərətçi	
məşğul	
n-ölçülü	
nadinc	
nadir	
nahamar	
nahaq	
nakam	
namuslu	
namussuz	
naməlum	
namərd	
nankor	
naqolay	
narahat	
narazı	
narın	
narıncı	
natamam	
natəmiz	
naxoş	
nazik	namnazik
naçar	
nağd	
naşükür	
naşı	
neqativ	
nifrətamiz	
nigaran	
nikbin	
nimdaş	
nisbi	
nişanlı	
normal	
növbədənkənar	
nüfuzlu	
nümunəvi	
nəcib	
nəhəng	
nəm	
nəsihətamiz	
nəticəsiz	
nəzarətsiz	
nəğməkar	
olmaz	
onlayn	
orta	
ortabab	
ortancıl	
ortaq	
ortaçaplı	
osal	
oturaq	
oxunaqlı	
oxşar	
oyaq	
oynaq	
pakistanlı	
parlamentdənkənar	
parıltılı	parıltılını
parıltılı	parıltılılar
parıltılı	parıltılıları
parıltılı	parıltılıya
parıltılı	parıltılılara
parıltılı	parıltılıda
parıltılı	parıltılılarda
parıltılı	parıltılıdan
parıltılı	parıltılılardan
parıltılı	parıltılının
parıltılı	parıltılıların
parıltılı	parıltılım
parıltılı	parıltılılarım
parıltılı	parıltılın
parıltılı	parıltılısı
parıltılı	parıltılımız
parıltılı	parıltılılarımız
parıltılı	parıltılınız
parıltılı	parıltılılarınız
parıltılı	parıltılımı
parıltılı	parıltılılarımı
parıltılı	parıltılılarını
parıltılı	parıltılısını
parıltılı	parıltılımızı
parıltılı	parıltılılarımızı
parıltılı	parıltılınızı
parıltılı	parıltılılarınızı
parıltılı	parıltılıma
parıltılı	parıltılılarıma
parıltılı	parıltılına
parıltılı	parıltılılarına
parıltılı	parıltılısına
parıltılı	parıltılımıza
parıltılı	parıltılılarımıza
parıltılı	parıltılınıza
parıltılı	parıltılılarınıza
parıltılı	parıltılımda
parıltılı	parıltılılarımda
parıltılı	parıltılında
parıltılı	parıltılılarında
parıltılı	parıltılısında
parıltılı	parıltılımızda
parıltılı	parıltılılarımızda
parıltılı	parıltılınızda
parıltılı	parıltılılarınızda
parıltılı	parıltılımdan
parıltılı	parıltılılarımdan
parıltılı	parıltılından
parıltılı	parıltılılarından
parıltılı	parıltılısından
parıltılı	parıltılımızdan
parıltılı	parıltılılarımızdan
parıltılı	parıltılınızdan
parıltılı	parıltılılarınızdan
parıltılı	parıltılımın
parıltılı	parıltılılarımın
parıltılı	parıltılılarının
parıltılı	parıltılısının
parıltılı	parıltılımızın
parıltılı	parıltılılarımızın
parıltılı	parıltılınızın
parıltılı	parıltılılarınızın
paxıl	
perspektivsiz	
peti	
peşman	
peşəkar	
pilotsuz	
pinti	
pirani	
pis	
pisniyyət	
piyan	
populyar	
pornoqrafik	
portuqal	
portuqaldilli	
poxlu	
pozuq	
pozğun	
pulsuz	
puç	
pünhan	
pürrəng	
püstəyi	
püxtə	
pərakəndə	
pərdəli	
pərişan	
qaba	
qabaq	
qabaqcıl	
qabaqgörən	
qabarıq	
qaca	
qadağan	
qadir	
qadın	
qafil	
qaib	
qalib	
qalmaqallı	
qalstuklu	
qalxanabənzər	
qalxanvarı	
qalın	qapqalın
qanacaqlı	
qaneedici	
qanlı	
qanmaz	
qanunauyğun	
qanuni	
qanunsuz	
qanunverici	
qapalı	
qara	qapqara
qara-qura	qara-quranı
qara-qura	qara-quralar
qaradinməz	
qaradərili	
qaragöz	
qaranlıq	qapqaranlıq
qaraqalpaq	
qaraçı	
qaraşın	
qarlı	
qarma-qarışıq	
qart	
qarışıq	
qarşı	
qarşılıqlı	
qarşısıalınmaz	
qatı	
qatışıq	
qaydasında	
qaynar	qapqaynar
qaytarıcı	
qaytarılmaz	
qayğıkeş	
qaşqa	
qeybətcil	
qeydiyyatlı	
qeydiyyatsız	
qeyri	
qeyri-adi	
qeyri-binar	
qeyri-bədii	
qeyri-bərabər	
qeyri-hökümət	
qeyri-insani	
qeyri-ixtiyari	
qeyri-kamil	
qeyri-mümkün	
qeyri-müəyyən	
qeyri-qanuni	
qeyri-rəsmi	
qeyri-təbii	
qeyrətli	
qiyabi	
qiymətli	
qoca	qosqoca
qocaman	
qolay	
qonaqcıl	
qonaqpərvər	
qonaqpərəst	
qondarma	
qonur	
qonşu	
qoruyucu	
qorxaq	
qorxmaz	
qorxulu	
qorxunc	
qorxusuz	
qotik	
qoç	
qoçaq	
qoşabuynuz	
qoşabuynuzlu	
qoşagörən	
quduz	
qumluq	
qumsal	
qumuq	
quraq	
quraşıq	
qurma	
qurnaz	
qurtarıcı	
quru	qupquru
qüdrətli	
qürurlu	
qüvvətli	
qüvvətsiz	
qıcıqlandırıcı	
qıfıllı	
qır	
qıraq	
qırmızı	qıpqırmızı
qırmızımtıl	
qırğız	
qırıq	
qısa	qıpqısa
qısaboylu	
qısametrajlı	
qısqanc	
qısır	
qıt	
qıvraq	qısqıraq
qıvrım	
qıyıq	
qızmar	
qızğın	
qızıl	
qızılala	
qəbuledilməz	
qəddar	
qədim	
qədirbilməz	
qəfil	
qəhvəyi	
qəlbi	
qəliz	
qəlp	
qəmgin	
qəmli	
qəməngiz	
qənaətbəxş	
qənaətcil	
qənirsiz	
qərarlı	
qərarsız	
qərbi	
qəribə	
qərəzli	
qəsdən	
qəti	
qəşəng	qəpqəşəng
rabitəsiz	
rahat	
razı	
reaktiv	
riyakar	
riyazi	
ruhani	
ruhi	
rus	
rusdilli	
rusiyalı	
rüblük	
rüsvay	
rəhmsiz	
rəhmətlik	
rəmzi	
rəngarəng	
rəngli	
rəqabətdavamlı	
rəqəmsal	
rəsmi	
rəva	
rəvan	
rəzil	
rəşadətli	
sabiq	
sabit	
sabitsiz	
sadiq	
sadə	
sadədil	
sadəlövh	
saf	
sahib	sahibəm
sahib	sahibsən
sahib	sahibdir
sahib	sahibik
sahib	sahibsiniz
sahib	sahibdirlər
sakit	
sal	
salamat	
sallaq	
salt	
sami	
sanballı	
sapqın	
saqqallı	
saqqalsız	
sarp	
sarsaq	
sarı	sapsarı
sarışın	
sataşqan	
satlıq	
satılmaz	
savab	
savadlı	
savadsız	
saxta	
saxtakar	
sayıq	
saz	
sağ	sapsağ
sağ-salamat	
sağlam	sapsağlam
sağmal	
sağır	
sehrkar	
sevgisiz	
sevimli	
sevindirici	
seyrək	
silahlı	
silahsız	
simic	
simvolik	
sinifsiz	
sinifsizləşmiş	
sinirli	
sirli	
sivri	
siyasi	
solaxay	solaxaylar
solaxay	solaxayı
solaxay	solaxayları
solaxay	solaxaya
solaxay	solaxaylara
solaxay	solaxayda
solaxay	solaxaylarda
solaxay	solaxaydan
solaxay	solaxaylardan
solaxay	solaxayın
solaxay	solaxayların
solaxay	solaxayım
solaxay	solaxaylarım
solaxay	solaxayımız
solaxay	solaxaylarımız
solaxay	solaxayınız
solaxay	solaxaylarınız
solaxay	solaxayımı
solaxay	solaxaylarımı
solaxay	solaxayını
solaxay	solaxaylarını
solaxay	solaxayımızı
solaxay	solaxaylarımızı
solaxay	solaxayınızı
solaxay	solaxaylarınızı
solaxay	solaxayıma
solaxay	solaxaylarıma
solaxay	solaxayına
solaxay	solaxaylarına
solaxay	solaxayımıza
solaxay	solaxaylarımıza
solaxay	solaxayınıza
solaxay	solaxaylarınıza
solaxay	solaxayımda
solaxay	solaxaylarımda
solaxay	solaxayında
solaxay	solaxaylarında
solaxay	solaxayımızda
solaxay	solaxaylarımızda
solaxay	solaxayınızda
solaxay	solaxaylarınızda
solaxay	solaxayımdan
solaxay	solaxaylarımdan
solaxay	solaxayından
solaxay	solaxaylarından
solaxay	solaxayımızdan
solaxay	solaxaylarımızdan
solaxay	solaxayınızdan
solaxay	solaxaylarınızdan
solaxay	solaxayımın
solaxay	solaxaylarımın
solaxay	solaxayının
solaxay	solaxaylarının
solaxay	solaxayımızın
solaxay	solaxaylarımızın
solaxay	solaxayınızın
solaxay	solaxaylarınızın
soluq	
solğun	
son	
sonsuz	
sonuncu	
sovet	
soyuq	sopsoyuq
soyutma	
statistik	
stereotipli	
strateji	
sualtı	
subay	
sulu	
suriyalı	
suyadavamlı	
suüstü	
söhbətcil	
sönməz	
sönük	
söyüşcül	
sözdüzəldici	
sözdəyişdirici	
sözügedən	
sülhməramlı	
sülhpərvər	
süni	
sürtünən	
sürüşkən	
sürəkli	
sürətli	
sürətsiz	
süst	
sıcaq	
sıldırım	
sınıq	
sırtıq	
sıx	
sıyıq	
sızanaqlı	
səadətli	
səbirsiz	
səciyyəvi	
səfeh	
səfil	
səfərbər	
səhlənkar	
səhv	
səliqəli	
səlis	
səlist	
səmavi	
səmimi	
səmərəli	
səmərəsiz	
səngin	
sənədli	
sərbəst	
sərin	
səriştəsiz	
sərrast	
sərsəm	
sərt	
sərvaxt	
sərxoş	
səs-küylü	
səssiz	
səthi	
səviyyəsiz	
səvzə	
səxavətli	
səy	
səyyar	
tabe	
taktiki	
taleyüklü	
tamarzı	
tamdəyərli	
tamsız	
tanrıçı	
tanınmış	
tanış	
taraz	
tarixi	
taykeş	
tayqol	
tayqulaq	
texniki	
texnoloji	
tez	
tibbi	
topal	
toplu	toplular
toplu	toplunu
toplu	topluları
toplu	topluya
toplu	toplulara
toplu	topluda
toplu	toplularda
toplu	topludan
toplu	toplulardan
toplu	toplunun
toplu	topluların
toplu	toplum
toplu	toplularım
toplu	toplun
toplu	toplusu
toplu	toplumuz
toplu	toplularımız
toplu	toplunuz
toplu	toplularınız
toplu	toplumu
toplu	toplularımı
toplu	toplularını
toplu	toplusunu
toplu	toplumuzu
toplu	toplularımızı
toplu	toplunuzu
toplu	toplularınızı
toplu	topluma
toplu	toplularıma
toplu	topluna
toplu	toplularına
toplu	toplusuna
toplu	toplumuza
toplu	toplularımıza
toplu	toplunuza
toplu	toplularınıza
toplu	toplumda
toplu	toplularımda
toplu	toplunda
toplu	toplularında
toplu	toplusunda
toplu	toplumuzda
toplu	toplularımızda
toplu	toplunuzda
toplu	toplularınızda
toplu	toplumdan
toplu	toplularımdan
toplu	toplundan
toplu	toplularından
toplu	toplusundan
toplu	toplumuzdan
toplu	toplularımızdan
toplu	toplunuzdan
toplu	toplularınızdan
toplu	toplumun
toplu	toplularımın
toplu	toplularının
toplu	toplusunun
toplu	toplumuzun
toplu	toplularımızın
toplu	toplunuzun
toplu	toplularınızın
toppuş	
torbalı	
torbalıq	
torbavari	
tosqun	
tox	
toxtaq	
toxuma	
toxunulmaz	
tozanaq	
tozlu	
turş	tumturş
tutarlı	
tutqun	
tuğ	
tuş	
törə	
tülək	
tünd	
türkdilli	
tımxır	
təbii	
təcavüzkar	
təcili	
təcrübəli	
təcrübəsiz	
tədbirli	
təfsilatlı	
təfsilli	
təhlükəli	
təhlükəsiz	
təhqiramiz	
təhqiredici	
təhsilli	
təhsilsiz	
tək	
tək-tük	
təkbuynuz	
təkcə	
təktanrılı	
təkzibedilməz	
təkəbbürlü	
təkəbbürlənmək	təkəbbürlənən
təkəbbürlənmək	təkəbbürlənmiş
təkəbbürlənmək	təkəbbürlənəcək
təkəbbürlənmək	təkəbbürlənəcəkləri
təkəbbürlənmək	təkəbbürləndikləri
təkəbbürlənmək	təkəbbürlənib
təkəbbürlənmək	təkəbbürlənəndə
təkəbbürlənmək	təkəbbürləndikcə
təkəbbürlənmək	təkəbbürlənərkən
təkəbbürlənmək	təkəbbürlənə-təkəbbürlənə
təkəbbürlənmək	təkəbbürlənərək
təkəbbürlənmək	təkəbbürlənmə
təkəbbürlənmək	təkəbbürlənirəm
təkəbbürlənmək	təkəbbürlənirsən
təkəbbürlənmək	təkəbbürlənir
təkəbbürlənmək	təkəbbürlənirik
təkəbbürlənmək	təkəbbürlənirsiniz
təkəbbürlənmək	təkəbbürlənirlər
təkəbbürlənmək	təkəbbürlənmişəm
təkəbbürlənmək	təkəbbürlənmisən
təkəbbürlənmək	təkəbbürlənmişsən
təkəbbürlənmək	təkəbbürlənmişdir
təkəbbürlənmək	təkəbbürlənmişik
təkəbbürlənmək	təkəbbürlənmisiniz
təkəbbürlənmək	təkəbbürlənmişsiniz
təkəbbürlənmək	təkəbbürlənmişlər
təkəbbürlənmək	təkəbbürlənibsən
təkəbbürlənmək	təkəbbürlənibdir
təkəbbürlənmək	təkəbbürlənibsiniz
təkəbbürlənmək	təkəbbürləniblər
təkəbbürlənmək	təkəbbürlənibdirlər
təkəbbürlənmək	təkəbbürləndim
təkəbbürlənmək	təkəbbürləndin
təkəbbürlənmək	təkəbbürləndi
təkəbbürlənmək	təkəbbürləndik
təkəbbürlənmək	təkəbbürləndiniz
təkəbbürlənmək	təkəbbürləndilər
təkəbbürlənmək	təkəbbürlənirdim
təkəbbürlənmək	təkəbbürlənirdin
təkəbbürlənmək	təkəbbürlənirdi
təkəbbürlənmək	təkəbbürlənirdik
təkəbbürlənmək	təkəbbürlənirdiniz
təkəbbürlənmək	təkəbbürlənirdilər
təkəbbürlənmək	təkəbbürlənmişdim
təkəbbürlənmək	təkəbbürlənmişdin
təkəbbürlənmək	təkəbbürlənmişdi
təkəbbürlənmək	təkəbbürlənmişdik
təkəbbürlənmək	təkəbbürlənmişdiniz
təkəbbürlənmək	təkəbbürlənmişdilər
təkəbbürlənmək	təkəbbürlənəcəyəm
təkəbbürlənmək	təkəbbürlənəcəksən
təkəbbürlənmək	təkəbbürlənəssən
təkəbbürlənmək	təkəbbürlənəcəyik
təkəbbürlənmək	təkəbbürlənəcəksiniz
təkəbbürlənmək	təkəbbürlənəssiz
təkəbbürlənmək	təkəbbürlənəcəklər
təkəbbürlənmək	təkəbbürlənərəm
təkəbbürlənmək	təkəbbürlənərsən
təkəbbürlənmək	təkəbbürlənər
təkəbbürlənmək	təkəbbürlənərik
təkəbbürlənmək	təkəbbürlənərsiniz
təkəbbürlənmək	təkəbbürlənərlər
təkəbbürlənmək	təkəbbürlənəcəkdim
təkəbbürlənmək	təkəbbürlənəcəkdin
təkəbbürlənmək	təkəbbürlənəcəkdi
təkəbbürlənmək	təkəbbürlənəcəkdik
təkəbbürlənmək	təkəbbürlənəcəkdiniz
təkəbbürlənmək	təkəbbürlənəcəkdilər
təkəbbürlənmək	təkəbbürlənərdim
təkəbbürlənmək	təkəbbürlənərdin
təkəbbürlənmək	təkəbbürlənərdi
təkəbbürlənmək	təkəbbürlənərdik
təkəbbürlənmək	təkəbbürlənərdiniz
təkəbbürlənmək	təkəbbürlənərdilər
təkəbbürlənmək	təkəbbürlənsəm
təkəbbürlənmək	təkəbbürlənsən
təkəbbürlənmək	təkəbbürlənsə
təkəbbürlənmək	təkəbbürlənsək
təkəbbürlənmək	təkəbbürlənsəniz
təkəbbürlənmək	təkəbbürlənsələr
təkəbbürlənmək	təkəbbürlənsəydim
təkəbbürlənmək	təkəbbürlənsəydin
təkəbbürlənmək	təkəbbürlənsəydi
təkəbbürlənmək	təkəbbürlənsəydik
təkəbbürlənmək	təkəbbürlənsəydiniz
təkəbbürlənmək	təkəbbürlənsəydilər
təkəbbürlənmək	təkəbbürlənməliyəm
təkəbbürlənmək	təkəbbürlənməlisən
təkəbbürlənmək	təkəbbürlənməlidir
təkəbbürlənmək	təkəbbürlənməliyik
təkəbbürlənmək	təkəbbürlənməlisiniz
təkəbbürlənmək	təkəbbürlənməlidirlər
təkəbbürlənmək	təkəbbürlənməliydim
təkəbbürlənmək	təkəbbürlənməliydin
təkəbbürlənmək	təkəbbürlənməliydi
təkəbbürlənmək	təkəbbürlənməliydik
təkəbbürlənmək	təkəbbürlənməliydiniz
təkəbbürlənmək	təkəbbürlənməliydilər
təkəbbürlənmək	təkəbbürlənirmişəm
təkəbbürlənmək	təkəbbürlənirmişsən
təkəbbürlənmək	təkəbbürlənirmiş
təkəbbürlənmək	təkəbbürlənirmişik
təkəbbürlənmək	təkəbbürlənirmişsiniz
təkəbbürlənmək	təkəbbürlənirmişlər
təkəbbürlənmək	təkəbbürlənibmişəm
təkəbbürlənmək	təkəbbürlənibmişsən
təkəbbürlənmək	təkəbbürlənibmiş
təkəbbürlənmək	təkəbbürlənibmişik
təkəbbürlənmək	təkəbbürlənibmişsiniz
təkəbbürlənmək	təkəbbürlənibmişlər
təkəbbürlənmək	təkəbbürlənəm
təkəbbürlənmək	təkəbbürlənəsən
təkəbbürlənmək	təkəbbürlənə
təkəbbürlənmək	təkəbbürlənək
təkəbbürlənmək	təkəbbürlənəsiniz
təkəbbürlənmək	təkəbbürlənələr
təkəbbürlənmək	təkəbbürlənəsiyəm
təkəbbürlənmək	təkəbbürlənəsisən
təkəbbürlənmək	təkəbbürlənəsidir
təkəbbürlənmək	təkəbbürlənəsiyik
təkəbbürlənmək	təkəbbürlənəsisiniz
təkəbbürlənmək	təkəbbürlənəsidirlər
təkəbbürlənmək	təkəbbürlənim
təkəbbürlənmək	təkəbbürlən
təkəbbürlənmək	təkəbbürlənsin
təkəbbürlənmək	təkəbbürlənəlim
təkəbbürlənmək	təkəbbürlənin
təkəbbürlənmək	təkəbbürlənsinlər
təkəbbürlənmək	təkəbbürlənməyən
təkəbbürlənmək	təkəbbürlənməmiş
təkəbbürlənmək	təkəbbürlənməyəcək
təkəbbürlənmək	təkəbbürlənməyəcəkləri
təkəbbürlənmək	təkəbbürlənmədikləri
təkəbbürlənmək	təkəbbürlənməyib
təkəbbürlənmək	təkəbbürlənmədən
təkəbbürlənmək	təkəbbürlənməyəndə
təkəbbürlənmək	təkəbbürlənmədikcə
təkəbbürlənmək	təkəbbürlənməyərkən
təkəbbürlənmək	təkəbbürlənməyərək
təkəbbürlənmək	təkəbbürlənməmək
təkəbbürlənmək	təkəbbürlənmirəm
təkəbbürlənmək	təkəbbürlənmirsən
təkəbbürlənmək	təkəbbürlənmir
təkəbbürlənmək	təkəbbürlənmirik
təkəbbürlənmək	təkəbbürlənmirsiniz
təkəbbürlənmək	təkəbbürlənmirlər
təkəbbürlənmək	təkəbbürlənməmişəm
təkəbbürlənmək	təkəbbürlənməmisən
təkəbbürlənmək	təkəbbürlənməmişsən
təkəbbürlənmək	təkəbbürlənməmişik
təkəbbürlənmək	təkəbbürlənməmisiniz
təkəbbürlənmək	təkəbbürlənməmişsiniz
təkəbbürlənmək	təkəbbürlənməmişlər
təkəbbürlənmək	təkəbbürlənməyibsən
təkəbbürlənmək	təkəbbürlənməyibdir
təkəbbürlənmək	təkəbbürlənməyibsiniz
təkəbbürlənmək	təkəbbürlənməyiblər
təkəbbürlənmək	təkəbbürlənməyibdirlər
təkəbbürlənmək	təkəbbürlənmədim
təkəbbürlənmək	təkəbbürlənmədin
təkəbbürlənmək	təkəbbürlənmədi
təkəbbürlənmək	təkəbbürlənmədik
təkəbbürlənmək	təkəbbürlənmədiniz
təkəbbürlənmək	təkəbbürlənmədilər
təkəbbürlənmək	təkəbbürlənmirdim
təkəbbürlənmək	təkəbbürlənmirdin
təkəbbürlənmək	təkəbbürlənmirdi
təkəbbürlənmək	təkəbbürlənmirdik
təkəbbürlənmək	təkəbbürlənmirdiniz
təkəbbürlənmək	təkəbbürlənmirdilər
təkəbbürlənmək	təkəbbürlənməmişdim
təkəbbürlənmək	təkəbbürlənməmişdin
təkəbbürlənmək	təkəbbürlənməmişdi
təkəbbürlənmək	təkəbbürlənməmişdik
təkəbbürlənmək	təkəbbürlənməmişdiniz
təkəbbürlənmək	təkəbbürlənməmişdilər
təkəbbürlənmək	təkəbbürlənməyəcəyəm
təkəbbürlənmək	təkəbbürlənməyəcəksən
təkəbbürlənmək	təkəbbürlənməyəcəyik
təkəbbürlənmək	təkəbbürlənməyəcəksiniz
təkəbbürlənmək	təkəbbürlənməyəcəklər
təkəbbürlənmək	təkəbbürlənmərəm
təkəbbürlənmək	təkəbbürlənmərsən
təkəbbürlənmək	təkəbbürlənməzsən
təkəbbürlənmək	təkəbbürlənməz
təkəbbürlənmək	təkəbbürlənmərik
təkəbbürlənmək	təkəbbürlənmərsiniz
təkəbbürlənmək	təkəbbürlənməzsiniz
təkəbbürlənmək	təkəbbürlənməzlər
təkəbbürlənmək	təkəbbürlənməyəcəkdim
təkəbbürlənmək	təkəbbürlənməyəcəkdin
təkəbbürlənmək	təkəbbürlənməyəcəkdi
təkəbbürlənmək	təkəbbürlənməyəcəkdik
təkəbbürlənmək	təkəbbürlənməyəcəkdiniz
təkəbbürlənmək	təkəbbürlənməyəcəkdilər
təkəbbürlənmək	təkəbbürlənməzdim
təkəbbürlənmək	təkəbbürlənməzdin
təkəbbürlənmək	təkəbbürlənməzdi
təkəbbürlənmək	təkəbbürlənməzdik
təkəbbürlənmək	təkəbbürlənməzdiniz
təkəbbürlənmək	təkəbbürlənməzdilər
təkəbbürlənmək	təkəbbürlənməsəm
təkəbbürlənmək	təkəbbürlənməsən
təkəbbürlənmək	təkəbbürlənməsə
təkəbbürlənmək	təkəbbürlənməsək
təkəbbürlənmək	təkəbbürlənməsəniz
təkəbbürlənmək	təkəbbürlənməsələr
təkəbbürlənmək	təkəbbürlənməsəydim
təkəbbürlənmək	təkəbbürlənməsəydin
təkəbbürlənmək	təkəbbürlənməsəydi
təkəbbürlənmək	təkəbbürlənməsəydik
təkəbbürlənmək	təkəbbürlənməsəydiniz
təkəbbürlənmək	təkəbbürlənməsəydilər
təkəbbürlənmək	təkəbbürlənməməliyəm
təkəbbürlənmək	təkəbbürlənməməlisən
təkəbbürlənmək	təkəbbürlənməməli
təkəbbürlənmək	təkəbbürlənməməliyik
təkəbbürlənmək	təkəbbürlənməməlisiniz
təkəbbürlənmək	təkəbbürlənməməlilər
təkəbbürlənmək	təkəbbürlənməməliydim
təkəbbürlənmək	təkəbbürlənməməliydin
təkəbbürlənmək	təkəbbürlənməməliydi
təkəbbürlənmək	təkəbbürlənməməliydik
təkəbbürlənmək	təkəbbürlənməməliydiniz
təkəbbürlənmək	təkəbbürlənməməliydilər
təkəbbürlənmək	təkəbbürlənməyirmişəm
təkəbbürlənmək	təkəbbürlənməyirmişsən
təkəbbürlənmək	təkəbbürlənməyirmiş
təkəbbürlənmək	təkəbbürlənməyirmişik
təkəbbürlənmək	təkəbbürlənməyirmişsiniz
təkəbbürlənmək	təkəbbürlənməyirmişlər
təkəbbürlənmək	təkəbbürlənməyibmişəm
təkəbbürlənmək	təkəbbürlənməyibmişsən
təkəbbürlənmək	təkəbbürlənməyibmiş
təkəbbürlənmək	təkəbbürlənməyibmişik
təkəbbürlənmək	təkəbbürlənməyibmişsiniz
təkəbbürlənmək	təkəbbürlənməyibmişlər
təkəbbürlənmək	təkəbbürlənməyəm
təkəbbürlənmək	təkəbbürlənməyəsən
təkəbbürlənmək	təkəbbürlənməyə
təkəbbürlənmək	təkəbbürlənməyək
təkəbbürlənmək	təkəbbürlənməyəsiniz
təkəbbürlənmək	təkəbbürlənməyələr
təkəbbürlənmək	təkəbbürlənməyəsiyəm
təkəbbürlənmək	təkəbbürlənməyəsisən
təkəbbürlənmək	təkəbbürlənməyəsi
təkəbbürlənmək	təkəbbürlənməyəsiyik
təkəbbürlənmək	təkəbbürlənməyəsisiniz
təkəbbürlənmək	təkəbbürlənməyəsilər
təkəbbürlənmək	təkəbbürlənməyim
təkəbbürlənmək	təkəbbürlənməsin
təkəbbürlənmək	təkəbbürlənməyəlim
təkəbbürlənmək	təkəbbürlənməyin
təkəbbürlənmək	təkəbbürlənməsinlər
təkəbbürlənmək	təkəbbürlənəmməyən
təkəbbürlənmək	təkəbbürlənəmməyəcəq
təkəbbürlənmək	təkəbbürlənəmmədikləri
təkəbbürlənmək	təkəbbürlənəmməyib
təkəbbürlənmək	təkəbbürlənəmmədən
təkəbbürlənmək	təkəbbürlənəmməyəndə
təkəbbürlənmək	təkəbbürlənəmmədikcə
təkəbbürlənmək	təkəbbürlənəmməyərkən
təkəbbürlənmək	təkəbbürlənəmməyərək
təkəbbürlənmək	təkəbbürlənəmməmək
təkəbbürlənmək	təkəbbürlənəmmirəm
təkəbbürlənmək	təkəbbürlənəmmirsən
təkəbbürlənmək	təkəbbürlənəmmir
təkəbbürlənmək	təkəbbürlənəmmirik
təkəbbürlənmək	təkəbbürlənəmmirsiniz
təkəbbürlənmək	təkəbbürlənəmmirlər
təkəbbürlənmək	təkəbbürlənəmməmişəm
təkəbbürlənmək	təkəbbürlənəmməmisən
təkəbbürlənmək	təkəbbürlənəmməmişsən
təkəbbürlənmək	təkəbbürlənəmməmişdir
təkəbbürlənmək	təkəbbürlənəmməmişik
təkəbbürlənmək	təkəbbürlənəmməmisiniz
təkəbbürlənmək	təkəbbürlənəmməmişsiniz
təkəbbürlənmək	təkəbbürlənəmməşmilər
təkəbbürlənmək	təkəbbürlənəmməyibsən
təkəbbürlənmək	təkəbbürlənəmməyibdir
təkəbbürlənmək	təkəbbürlənəmməyibsiniz
təkəbbürlənmək	təkəbbürlənəmməyiblər
təkəbbürlənmək	təkəbbürlənəmməyibdirlər
təkəbbürlənmək	təkəbbürlənəmmədim
təkəbbürlənmək	təkəbbürlənəmmədin
təkəbbürlənmək	təkəbbürlənəmmədi
təkəbbürlənmək	təkəbbürlənəmmədik
təkəbbürlənmək	təkəbbürlənəmmədiniz
təkəbbürlənmək	təkəbbürlənəmmədilər
təkəbbürlənmək	təkəbbürlənəmmirdim
təkəbbürlənmək	təkəbbürlənəmmirdin
təkəbbürlənmək	təkəbbürlənəmmirdi
təkəbbürlənmək	təkəbbürlənəmmirdik
təkəbbürlənmək	təkəbbürlənəmmirdiniz
təkəbbürlənmək	təkəbbürlənəmmirdilir
təkəbbürlənmək	təkəbbürlənəmməmişdim
təkəbbürlənmək	təkəbbürlənəmməmişdin
təkəbbürlənmək	təkəbbürlənəmməmişdi
təkəbbürlənmək	təkəbbürlənəmməmişdik
təkəbbürlənmək	təkəbbürlənəmməmişdiniz
təkəbbürlənmək	təkəbbürlənəmməmişdilər
təkəbbürlənmək	təkəbbürlənəmməyəcəyəm
təkəbbürlənmək	təkəbbürlənəmməyəcəksən
təkəbbürlənmək	təkəbbürlənəmməyəcək
təkəbbürlənmək	təkəbbürlənəmməyəcəyik
təkəbbürlənmək	təkəbbürlənəmməyəcəksiniz
təkəbbürlənmək	təkəbbürlənəmməyəcəklər
təkəbbürlənmək	təkəbbürlənəmmərəm
təkəbbürlənmək	təkəbbürlənəmmərsən
təkəbbürlənmək	təkəbbürlənəmməzsən
təkəbbürlənmək	təkəbbürlənəmməz
təkəbbürlənmək	təkəbbürlənəmmərik
təkəbbürlənmək	təkəbbürlənəmmərsiniz
təkəbbürlənmək	təkəbbürlənəmməzsiniz
təkəbbürlənmək	təkəbbürlənəmməzlər
təkəbbürlənmək	təkəbbürlənəmməyəcəkdim
təkəbbürlənmək	təkəbbürlənəmməyəcəkdin
təkəbbürlənmək	təkəbbürlənəmməyəcəkdi
təkəbbürlənmək	təkəbbürlənəmməyəcəkdik
təkəbbürlənmək	təkəbbürlənəmməyəcəkdiniz
təkəbbürlənmək	təkəbbürlənəmməyəcəkdilər
təkəbbürlənmək	təkəbbürlənəmməzdim
təkəbbürlənmək	təkəbbürlənəmməzdin
təkəbbürlənmək	təkəbbürlənəmməzdi
təkəbbürlənmək	təkəbbürlənəmməzdik
təkəbbürlənmək	təkəbbürlənəmməzdiniz
təkəbbürlənmək	təkəbbürlənəmməzdilər
təkəbbürlənmək	təkəbbürlənəmməsəm
təkəbbürlənmək	təkəbbürlənəmməsən
təkəbbürlənmək	təkəbbürlənəmməsə
təkəbbürlənmək	təkəbbürlənəmməsək
təkəbbürlənmək	təkəbbürlənəmməsəniz
təkəbbürlənmək	təkəbbürlənəmməsələr
təkəbbürlənmək	təkəbbürlənəmməsəydim
təkəbbürlənmək	təkəbbürlənəmməsəydin
təkəbbürlənmək	təkəbbürlənəmməsəydi
təkəbbürlənmək	təkəbbürlənəmməsəydik
təkəbbürlənmək	təkəbbürlənəmməsəydiniz
təkəbbürlənmək	təkəbbürlənəmməsəydilər
təkəbbürlənmək	təkəbbürlənəmməyəm
təkəbbürlənmək	təkəbbürlənəmməyəsən
təkəbbürlənmək	təkəbbürlənəmməyə
təkəbbürlənmək	təkəbbürlənəmməyək
təkəbbürlənmək	təkəbbürlənəmməyəsiniz
təkəbbürlənmək	təkəbbürlənəmməyələr
təkəbbürlənmək	təkəbbürlənəmməyim
təkəbbürlənmək	təkəbbürlənəmmə
təkəbbürlənmək	təkəbbürlənəmməsin
təkəbbürlənmək	təkəbbürlənəmməyin
təkəbbürlənmək	təkəbbürlənəmməsinlər
təkəmseyrək	
tələsik	
təmiz	tərtəmiz
təmizcinsli	
təmizkar	
təmizləyici	
təmizqanlı	
tən	
tənbəl	
təng	
təngnəfəs	
tənha	
tənqidi	
təntik	
təntənəli	
təqdirəlayiq	
təqsirsiz	
tər	
tərbiyəli	
tərbiyəsiz	
tərbiyəvi	
tərs	
tərəfsiz	
təsdiqləmək	
təsiredici	
təsirli	
təsirsiz	
təvazökar	
təvazölü	
təvazösüz	
təvəllüdlü	
təyini	
təzadlı	
təzə	təptəzə
təşəbbüskar	
təəssüratlı	
təəssüratsız	
uca	
ucaboy	
ucaboylu	
ucqar	
ucsuz-bucaqsız	
ucuz	
ulduzlararası	
ulduzlu	
ulu	
uluslararası	
unudulmaz	
unutqan	
uruq	
urusbaşlı	
usanmış	
utandırıcı	
utanmaz	
uydurma	
uyuşdurucu	
uyğun	
uzaq	
uzaqvuran	
uzun	upuzun
uzunboy	
uzunqulaq	
uzunsov	
uğurlu	
uğursuz	
vacib	
vahid	
vaqe	
var	varam
var	varsan
var	vardır
var	varıq
var	varsınız
var	vardırlar
varlı	
vasit	
vasvası	
vaxtaşırı	
vayıs	
vecsiz	
vicdansız	
viran	
vurğun	
vəfalı	
vəfasız	
vəhşi	
vətəndaş	
xali	
xalis	
xam	
xanəgi	
xarab	
xarici	
xas	
xaçvari	
xeyir	
xeyirli	
xeyirxah	
xoş	
xoşagəlməz	
xoşbəxt	
xudbin	
xüsusi	
xırda	xıpxırda
xəbərdar	
xəbərsiz	
xəlvət	
xəsis	
xəstə	
xətti	
xətərsiz	
yabanı	
yad	
yaddaqalan	
yadelli	
yadplanetli	
yalançı	
yalnız	
yalqız	yapyalqız
yalçın	
yalın	
yaman	
yanlış	
yanıq	
yaradıcı	
yaralı	
yaramaz	
yararlı	
yaraşıqlı	
yaraşıqsız	
yarıköçəri	
yarım	
yarımasılı	
yarımdairəvi	
yarımkeçirici	
yarımsavadlı	
yarımçılıq	
yarımçıq	
yarıyuxulu	
yasar	
yastı	
yatmış	
yatıq	
yava	
yavan	
yavaş	
yaxın	
yaxşı	
yaxşıraq	
yazılı	
yazıq	
yağışlı	
yaş	yamyaş
yaşdaş	
yaşlı	
yaşıd	
yaşıl	yamyaşıl
yaşılgöz	
yeganə	
yekdil	
yeknəsəq	
yekə	yepyekə
yekədöş	
yekəqarın	
yekəxana	
yeməli	
yeni	yepyeni
yenilikçi	
yenilməz	
yeraltı	
yerdən	
yerli	
yersiz	
yerüstü	
yetişmiş	
yetkin	
yez	
yiyəlik	
yiyəsiz	
yoluxucu	
yolverilməz	
yorucu	
yorulmaz	
yorğun	
yox	
yoxdur	
yoxsul	
yoğun	yopyoğun
yumru	yupyumru
yumşaq	
yunan	
yunandilli	
yuvarlaq	
yuxa	
yuxarı	
yuxucul	
yuxulu	
yuxusuz	
yönlü	
yönlük	
yüksək	
yüksəktezlikli	
yüksəkvəzifəli	
yüngül	
yüngülvari	
yüzillik	
yırtıcı	
yığcam	
yəhudi	
yəhərli	
zahiri	
zahı	
zalım	
zarafatcıl	
zay	
zayıd	
zehni	
zidd	
ziddiyyətli	
zirehli	
zirək	
ziyankar	
ziyanlı	
ziyansız	
ziyanverici	
zor	
zorakı	
zorən	
zöhrəvi	
zülmət	
zəhmətkeş	
zəhəbi	
zəhərli	
zəif	
zəlil	
zəlzələli	
zəncirvari	
zəngin	
zərdüşti	
zərif	
zəruri	
zərvari	
zərərli	
zərərsiz	
çal	
çalışqan	
çarlıq	
çarpaz	
çarəsiz	
çataq	
çatlaq	
çatışmaz	
çağ	
çağdaş	
çevik	
çexdilli	
çin	
çindilli	
çinli	
çirk	
çirkin	
çirkli	
çiy	
çolaq	
çoxallahlı	
çoxarvadlı	
çoxatomlu	
çoxcildli	
çoxdanışan	
çoxdilli	
çoxhecalı	
çoxhüceyrəli	
çoxişlənən	
çoxmillətli	
çoxmənalı	
çoxmərtəbəli	
çoxnəfərli	
çoxoyunçulu	
çoxsaylı	
çoxtərəfli	
çoxuşaqlı	
çoxyerli	
çoxəsrlik	
çökük	
çürük	
çılpaq	
çılğın	
çıxılmaz	
çəhrayı	
çəp	
çətin	
ödənişli	
ödənişsiz	
ögey	
ölməz	
ölü	
ölümcül	
ölümsaçan	ölümsaçanlər
ölümsaçan	ölümsaçani
ölümsaçan	ölümsaçanləri
ölümsaçan	ölümsaçanə
ölümsaçan	ölümsaçanlərə
ölümsaçan	ölümsaçandə
ölümsaçan	ölümsaçanlərdə
ölümsaçan	ölümsaçandən
ölümsaçan	ölümsaçanlərdən
ölümsaçan	ölümsaçanin
ölümsaçan	ölümsaçanlərin
ölümsaçan	ölümsaçanim
ölümsaçan	ölümsaçanlərim
ölümsaçan	ölümsaçanimiz
ölümsaçan	ölümsaçanlərimiz
ölümsaçan	ölümsaçaniniz
ölümsaçan	ölümsaçanləriniz
ölümsaçan	ölümsaçanimi
ölümsaçan	ölümsaçanlərimi
ölümsaçan	ölümsaçanini
ölümsaçan	ölümsaçanlərini
ölümsaçan	ölümsaçanimizi
ölümsaçan	ölümsaçanlərimizi
ölümsaçan	ölümsaçaninizi
ölümsaçan	ölümsaçanlərinizi
ölümsaçan	ölümsaçanimə
ölümsaçan	ölümsaçanlərimə
ölümsaçan	ölümsaçaninə
ölümsaçan	ölümsaçanlərinə
ölümsaçan	ölümsaçanimizə
ölümsaçan	ölümsaçanlərimizə
ölümsaçan	ölümsaçaninizə
ölümsaçan	ölümsaçanlərinizə
ölümsaçan	ölümsaçanimdə
ölümsaçan	ölümsaçanlərimdə
ölümsaçan	ölümsaçanində
ölümsaçan	ölümsaçanlərində
ölümsaçan	ölümsaçanimizdə
ölümsaçan	ölümsaçanlərimizdə
ölümsaçan	ölümsaçaninizdə
ölümsaçan	ölümsaçanlərinizdə
ölümsaçan	ölümsaçanimdən
ölümsaçan	ölümsaçanlərimdən
ölümsaçan	ölümsaçanindən
ölümsaçan	ölümsaçanlərindən
ölümsaçan	ölümsaçanimizdən
ölümsaçan	ölümsaçanlərimizdən
ölümsaçan	ölümsaçaninizdən
ölümsaçan	ölümsaçanlərinizdən
ölümsaçan	ölümsaçanimin
ölümsaçan	ölümsaçanlərimin
ölümsaçan	ölümsaçaninin
ölümsaçan	ölümsaçanlərinin
ölümsaçan	ölümsaçanimizin
ölümsaçan	ölümsaçanlərimizin
ölümsaçan	ölümsaçaninizin
ölümsaçan	ölümsaçanlərinizin
ömürlük	
ön	
öncül	
önəmli	
önəmsiz	
örtülü	
ötkün	
ötkəm	
ötəri	
övladsız	
özbək	
özbəkdilli	
özgə	
özlü	
özünəməxsus	
özəl	
üfunətli	
üfüqi	
ülvi	
ümidli	
ümum	
ümumdünya	
ümumi	
ümuminsani	
ümumişlək	
ümummilli	
ümumxalq	
ünlü	
ünsiyyətcil	
ürkək	
ürəkaçan	
ürəkbir	
ürəkbulandırıcı	
ürəkli	
ürəkvari	
ürəyiincə	
ürəyinazik	
ürəyiyumşaq	
ürəyiyuxa	
üst	
üstün	
üsyankar	
üzdəniraq	
üzgün	
üzrlü	
üzrə	
üzvi	
üzükvari	
üzüqara	
üçlük	
üçölçülü	
üçüncü	
üçüzlü	
şabalıdı	
şad	
şahanə	
şairanə	
şanlı	
şanslı	
şaquli	
şiddətli	
şifahi	
şikəst	
şimal-qərbi	
şimal-şərqi	
şimali	
şirin	şipşirin
şiş	şişlər
şiş	şişi
şiş	şişləri
şiş	şişə
şiş	şişlərə
şiş	şişdə
şiş	şişlərdə
şiş	şişdən
şiş	şişlərdən
şiş	şişin
şiş	şişlərin
şiş	şişim
şiş	şişlərim
şiş	şişimiz
şiş	şişlərimiz
şiş	şişiniz
şiş	şişləriniz
şiş	şişimi
şiş	şişlərimi
şiş	şişini
şiş	şişlərini
şiş	şişimizi
şiş	şişlərimizi
şiş	şişinizi
şiş	şişlərinizi
şiş	şişimə
şiş	şişlərimə
şiş	şişinə
şiş	şişlərinə
şiş	şişimizə
şiş	şişlərimizə
şiş	şişinizə
şiş	şişlərinizə
şiş	şişimdə
şiş	şişlərimdə
şiş	şişində
şiş	şişlərində
şiş	şişimizdə
şiş	şişlərimizdə
şiş	şişinizdə
şiş	şişlərinizdə
şiş	şişimdən
şiş	şişlərimdən
şiş	şişindən
şiş	şişlərindən
şiş	şişimizdən
şiş	şişlərimizdən
şiş	şişinizdən
şiş	şişlərinizdən
şiş	şişimin
şiş	şişlərimin
şiş	şişinin
şiş	şişlərinin
şiş	şişimizin
şiş	şişlərimizin
şiş	şişinizin
şiş	şişlərinizin
şişlik	
şişman	
şokoladlı	
şor	
şuluq	
şux	
şöhrətpərəst	
şübhəli	
şıdırğı	
şəffaf	
şəhla	
şəhlagöz	
şəhlalanmaq	şəhlalanan
şəhlalanmaq	şəhlalanmış
şəhlalanmaq	şəhlalanacak
şəhlalanmaq	şəhlalanacaqları
şəhlalanmaq	şəhlalandıqları
şəhlalanmaq	şəhlalanıb
şəhlalanmaq	şəhlalananda
şəhlalanmaq	şəhlalandıqca
şəhlalanmaq	şəhlalanarkən
şəhlalanmaq	şəhlalana-şəhlalana
şəhlalanmaq	şəhlalanaraq
şəhlalanmaq	şəhlalanma
şəhlalanmaq	şəhlalanıram
şəhlalanmaq	şəhlalanırsan
şəhlalanmaq	şəhlalanır
şəhlalanmaq	şəhlalanırıq
şəhlalanmaq	şəhlalanırsınız
şəhlalanmaq	şəhlalanırlar
şəhlalanmaq	şəhlalanmışam
şəhlalanmaq	şəhlalanmısan
şəhlalanmaq	şəhlalanmışsan
şəhlalanmaq	şəhlalanmışdır
şəhlalanmaq	şəhlalanmışıq
şəhlalanmaq	şəhlalanmısınız
şəhlalanmaq	şəhlalanmışsınız
şəhlalanmaq	şəhlalanmışlar
şəhlalanmaq	şəhlalanıbsan
şəhlalanmaq	şəhlalanıbdır
şəhlalanmaq	şəhlalanıbsınız
şəhlalanmaq	şəhlalanıblar
şəhlalanmaq	şəhlalanıbdırlar
şəhlalanmaq	şəhlalandım
şəhlalanmaq	şəhlalandın
şəhlalanmaq	şəhlalandı
şəhlalanmaq	şəhlalandıq
şəhlalanmaq	şəhlalandınız
şəhlalanmaq	şəhlalandılar
şəhlalanmaq	şəhlalanırdım
şəhlalanmaq	şəhlalanırdın
şəhlalanmaq	şəhlalanırdı
şəhlalanmaq	şəhlalanırdıq
şəhlalanmaq	şəhlalanırdınız
şəhlalanmaq	şəhlalanırdılar
şəhlalanmaq	şəhlalanmışdım
şəhlalanmaq	şəhlalanmışdın
şəhlalanmaq	şəhlalanmışdı
şəhlalanmaq	şəhlalanmışdıq
şəhlalanmaq	şəhlalanmışdınız
şəhlalanmaq	şəhlalanmışdılar
şəhlalanmaq	şəhlalanacağam
şəhlalanmaq	şəhlalanacaqsan
şəhlalanmaq	şəhlalanassan
şəhlalanmaq	şəhlalanacaq
şəhlalanmaq	şəhlalanacağıq
şəhlalanmaq	şəhlalanacaqsınız
şəhlalanmaq	şəhlalanassız
şəhlalanmaq	şəhlalanacaqlar
şəhlalanmaq	şəhlalanaram
şəhlalanmaq	şəhlalanarsan
şəhlalanmaq	şəhlalanar
şəhlalanmaq	şəhlalanarıq
şəhlalanmaq	şəhlalanarsınız
şəhlalanmaq	şəhlalanarlar
şəhlalanmaq	şəhlalanacaqdım
şəhlalanmaq	şəhlalanacaqdın
şəhlalanmaq	şəhlalanacaqdı
şəhlalanmaq	şəhlalanacaqdıq
şəhlalanmaq	şəhlalanacaqdınız
şəhlalanmaq	şəhlalanacaqdılar
şəhlalanmaq	şəhlalanardım
şəhlalanmaq	şəhlalanardın
şəhlalanmaq	şəhlalanardı
şəhlalanmaq	şəhlalanardıq
şəhlalanmaq	şəhlalanardınız
şəhlalanmaq	şəhlalanardılar
şəhlalanmaq	şəhlalansam
şəhlalanmaq	şəhlalansan
şəhlalanmaq	şəhlalansa
şəhlalanmaq	şəhlalansaq
şəhlalanmaq	şəhlalansanız
şəhlalanmaq	şəhlalansalar
şəhlalanmaq	şəhlalansaydım
şəhlalanmaq	şəhlalansaydın
şəhlalanmaq	şəhlalansaydı
şəhlalanmaq	şəhlalansaydıq
şəhlalanmaq	şəhlalansaydınız
şəhlalanmaq	şəhlalansaydılar
şəhlalanmaq	şəhlalanmalıyam
şəhlalanmaq	şəhlalanmalısan
şəhlalanmaq	şəhlalanmalıdır
şəhlalanmaq	şəhlalanmalıyıq
şəhlalanmaq	şəhlalanmalısınız
şəhlalanmaq	şəhlalanmalıdırlar
şəhlalanmaq	şəhlalanmalıydım
şəhlalanmaq	şəhlalanmalıydın
şəhlalanmaq	şəhlalanmalıydı
şəhlalanmaq	şəhlalanmalıydıq
şəhlalanmaq	şəhlalanmalıydınız
şəhlalanmaq	şəhlalanmalıydılar
şəhlalanmaq	şəhlalanırmışam
şəhlalanmaq	şəhlalanırmışsan
şəhlalanmaq	şəhlalanırmış
şəhlalanmaq	şəhlalanırmışıq
şəhlalanmaq	şəhlalanırmışsınız
şəhlalanmaq	şəhlalanırmışlar
şəhlalanmaq	şəhlalanıbmışam
şəhlalanmaq	şəhlalanıbmışsan
şəhlalanmaq	şəhlalanıbmış
şəhlalanmaq	şəhlalanıbmışıq
şəhlalanmaq	şəhlalanıbmışsınız
şəhlalanmaq	şəhlalanıbmışlar
şəhlalanmaq	şəhlalanam
şəhlalanmaq	şəhlalanasan
şəhlalanmaq	şəhlalana
şəhlalanmaq	şəhlalanaq
şəhlalanmaq	şəhlalanasınız
şəhlalanmaq	şəhlalanalar
şəhlalanmaq	şəhlalanasıyam
şəhlalanmaq	şəhlalanasısan
şəhlalanmaq	şəhlalanasıdır
şəhlalanmaq	şəhlalanasıyıq
şəhlalanmaq	şəhlalanasısınız
şəhlalanmaq	şəhlalanasıdırlar
şəhlalanmaq	şəhlalanım
şəhlalanmaq	şəhlalan
şəhlalanmaq	şəhlalansın
şəhlalanmaq	şəhlalanalım
şəhlalanmaq	şəhlalanın
şəhlalanmaq	şəhlalansınlar
şəhlalanmaq	şəhlalanmayan
şəhlalanmaq	şəhlalanmamış
şəhlalanmaq	şəhlalanmayacak
şəhlalanmaq	şəhlalanmayacaqları
şəhlalanmaq	şəhlalanmadıqları
şəhlalanmaq	şəhlalanmayıb
şəhlalanmaq	şəhlalanmadan
şəhlalanmaq	şəhlalanmayanda
şəhlalanmaq	şəhlalanmadıqca
şəhlalanmaq	şəhlalanmayarkən
şəhlalanmaq	şəhlalanmayaraq
şəhlalanmaq	şəhlalanmamaq
şəhlalanmaq	şəhlalanmıram
şəhlalanmaq	şəhlalanmırsan
şəhlalanmaq	şəhlalanmır
şəhlalanmaq	şəhlalanmırıq
şəhlalanmaq	şəhlalanmırsınız
şəhlalanmaq	şəhlalanmırlar
şəhlalanmaq	şəhlalanmamışam
şəhlalanmaq	şəhlalanmamısan
şəhlalanmaq	şəhlalanmamışsan
şəhlalanmaq	şəhlalanmamışıq
şəhlalanmaq	şəhlalanmamısınız
şəhlalanmaq	şəhlalanmamışsınız
şəhlalanmaq	şəhlalanmamışlar
şəhlalanmaq	şəhlalanmayıbsan
şəhlalanmaq	şəhlalanmayıbdır
şəhlalanmaq	şəhlalanmayıbsınız
şəhlalanmaq	şəhlalanmayıblar
şəhlalanmaq	şəhlalanmayıbdırlar
şəhlalanmaq	şəhlalanmadım
şəhlalanmaq	şəhlalanmadın
şəhlalanmaq	şəhlalanmadı
şəhlalanmaq	şəhlalanmadıq
şəhlalanmaq	şəhlalanmadınız
şəhlalanmaq	şəhlalanmadılar
şəhlalanmaq	şəhlalanmırdım
şəhlalanmaq	şəhlalanmırdın
şəhlalanmaq	şəhlalanmırdı
şəhlalanmaq	şəhlalanmırdıq
şəhlalanmaq	şəhlalanmırdınız
şəhlalanmaq	şəhlalanmırdılar
şəhlalanmaq	şəhlalanmamışdım
şəhlalanmaq	şəhlalanmamışdın
şəhlalanmaq	şəhlalanmamışdı
şəhlalanmaq	şəhlalanmamışdıq
şəhlalanmaq	şəhlalanmamışdınız
şəhlalanmaq	şəhlalanmamışdılar
şəhlalanmaq	şəhlalanmayacağam
şəhlalanmaq	şəhlalanmayacaqsan
şəhlalanmaq	şəhlalanmayacaq
şəhlalanmaq	şəhlalanmayacağıq
şəhlalanmaq	şəhlalanmayacaqsınız
şəhlalanmaq	şəhlalanmayacaqlar
şəhlalanmaq	şəhlalanmaram
şəhlalanmaq	şəhlalanmarsan
şəhlalanmaq	şəhlalanmazsan
şəhlalanmaq	şəhlalanmaz
şəhlalanmaq	şəhlalanmarıq
şəhlalanmaq	şəhlalanmarsınız
şəhlalanmaq	şəhlalanmazsınız
şəhlalanmaq	şəhlalanmazlar
şəhlalanmaq	şəhlalanmayacaqdım
şəhlalanmaq	şəhlalanmayacaqdın
şəhlalanmaq	şəhlalanmayacaqdı
şəhlalanmaq	şəhlalanmayacaqdıq
şəhlalanmaq	şəhlalanmayacaqdınız
şəhlalanmaq	şəhlalanmayacaqdılar
şəhlalanmaq	şəhlalanmazdım
şəhlalanmaq	şəhlalanmazdın
şəhlalanmaq	şəhlalanmazdı
şəhlalanmaq	şəhlalanmazdıq
şəhlalanmaq	şəhlalanmazdınız
şəhlalanmaq	şəhlalanmazdılar
şəhlalanmaq	şəhlalanmasam
şəhlalanmaq	şəhlalanmasan
şəhlalanmaq	şəhlalanmasa
şəhlalanmaq	şəhlalanmasaq
şəhlalanmaq	şəhlalanmasanız
şəhlalanmaq	şəhlalanmasalar
şəhlalanmaq	şəhlalanmasaydım
şəhlalanmaq	şəhlalanmasaydın
şəhlalanmaq	şəhlalanmasaydı
şəhlalanmaq	şəhlalanmasaydıq
şəhlalanmaq	şəhlalanmasaydınız
şəhlalanmaq	şəhlalanmasaydılar
şəhlalanmaq	şəhlalanmamalıyam
şəhlalanmaq	şəhlalanmamalısan
şəhlalanmaq	şəhlalanmamalı
şəhlalanmaq	şəhlalanmamalıyıq
şəhlalanmaq	şəhlalanmamalısınız
şəhlalanmaq	şəhlalanmamalılar
şəhlalanmaq	şəhlalanmamalıydım
şəhlalanmaq	şəhlalanmamalıydın
şəhlalanmaq	şəhlalanmamalıydı
şəhlalanmaq	şəhlalanmamalıydıq
şəhlalanmaq	şəhlalanmamalıydınız
şəhlalanmaq	şəhlalanmamalıydılar
şəhlalanmaq	şəhlalanmayırmışam
şəhlalanmaq	şəhlalanmayırmışsan
şəhlalanmaq	şəhlalanmayırmış
şəhlalanmaq	şəhlalanmayırmışıq
şəhlalanmaq	şəhlalanmayırmışsınız
şəhlalanmaq	şəhlalanmayırmışlar
şəhlalanmaq	şəhlalanmayıbmışam
şəhlalanmaq	şəhlalanmayıbmışsan
şəhlalanmaq	şəhlalanmayıbmış
şəhlalanmaq	şəhlalanmayıbmışıq
şəhlalanmaq	şəhlalanmayıbmışsınız
şəhlalanmaq	şəhlalanmayıbmışlar
şəhlalanmaq	şəhlalanmayam
şəhlalanmaq	şəhlalanmayasan
şəhlalanmaq	şəhlalanmaya
şəhlalanmaq	şəhlalanmayaq
şəhlalanmaq	şəhlalanmayasınız
şəhlalanmaq	şəhlalanmayalar
şəhlalanmaq	şəhlalanmayasıyam
şəhlalanmaq	şəhlalanmayasısan
şəhlalanmaq	şəhlalanmayası
şəhlalanmaq	şəhlalanmayasıyıq
şəhlalanmaq	şəhlalanmayasısınız
şəhlalanmaq	şəhlalanmayasılar
şəhlalanmaq	şəhlalanmayım
şəhlalanmaq	şəhlalanmasın
şəhlalanmaq	şəhlalanmayalım
şəhlalanmaq	şəhlalanmayın
şəhlalanmaq	şəhlalanmasınlar
şəhlalanmaq	şəhlalanammayan
şəhlalanmaq	şəhlalanammayacaq
şəhlalanmaq	şəhlalanammadıqları
şəhlalanmaq	şəhlalanammayıb
şəhlalanmaq	şəhlalanammadan
şəhlalanmaq	şəhlalanammayanda
şəhlalanmaq	şəhlalanammadıqca
şəhlalanmaq	şəhlalanammayarkən
şəhlalanmaq	şəhlalanammayaraq
şəhlalanmaq	şəhlalanammamaq
şəhlalanmaq	şəhlalanammıram
şəhlalanmaq	şəhlalanammırsan
şəhlalanmaq	şəhlalanammır
şəhlalanmaq	şəhlalanammırıq
şəhlalanmaq	şəhlalanammırsınız
şəhlalanmaq	şəhlalanammırlar
şəhlalanmaq	şəhlalanammamışam
şəhlalanmaq	şəhlalanammamısan
şəhlalanmaq	şəhlalanammamışsan
şəhlalanmaq	şəhlalanammamışdır
şəhlalanmaq	şəhlalanammamışıq
şəhlalanmaq	şəhlalanammamısınız
şəhlalanmaq	şəhlalanammamışsınız
şəhlalanmaq	şəhlalanammaşmılar
şəhlalanmaq	şəhlalanammayıbsan
şəhlalanmaq	şəhlalanammayıbdır
şəhlalanmaq	şəhlalanammayıbsınız
şəhlalanmaq	şəhlalanammayıblar
şəhlalanmaq	şəhlalanammayıbdırlar
şəhlalanmaq	şəhlalanammadım
şəhlalanmaq	şəhlalanammadın
şəhlalanmaq	şəhlalanammadı
şəhlalanmaq	şəhlalanammadıq
şəhlalanmaq	şəhlalanammadınız
şəhlalanmaq	şəhlalanammadılar
şəhlalanmaq	şəhlalanammırdım
şəhlalanmaq	şəhlalanammırdın
şəhlalanmaq	şəhlalanammırdı
şəhlalanmaq	şəhlalanammırdıq
şəhlalanmaq	şəhlalanammırdınız
şəhlalanmaq	şəhlalanammırdılır
şəhlalanmaq	şəhlalanammamışdım
şəhlalanmaq	şəhlalanammamışdın
şəhlalanmaq	şəhlalanammamışdı
şəhlalanmaq	şəhlalanammamışdıq
şəhlalanmaq	şəhlalanammamışdınız
şəhlalanmaq	şəhlalanammamışdılar
şəhlalanmaq	şəhlalanammayacağam
şəhlalanmaq	şəhlalanammayacaqsan
şəhlalanmaq	şəhlalanammayacağıq
şəhlalanmaq	şəhlalanammayacaqsınız
şəhlalanmaq	şəhlalanammayacaqlar
şəhlalanmaq	şəhlalanammaram
şəhlalanmaq	şəhlalanammarsan
şəhlalanmaq	şəhlalanammazsan
şəhlalanmaq	şəhlalanammaz
şəhlalanmaq	şəhlalanammarıq
şəhlalanmaq	şəhlalanammarsınız
şəhlalanmaq	şəhlalanammazsınız
şəhlalanmaq	şəhlalanammazlar
şəhlalanmaq	şəhlalanammayacaqdım
şəhlalanmaq	şəhlalanammayacaqdın
şəhlalanmaq	şəhlalanammayacaqdı
şəhlalanmaq	şəhlalanammayacaqdıq
şəhlalanmaq	şəhlalanammayacaqdınız
şəhlalanmaq	şəhlalanammayacaqdılar
şəhlalanmaq	şəhlalanammazdım
şəhlalanmaq	şəhlalanammazdın
şəhlalanmaq	şəhlalanammazdı
şəhlalanmaq	şəhlalanammazdıq
şəhlalanmaq	şəhlalanammazdınız
şəhlalanmaq	şəhlalanammazdılar
şəhlalanmaq	şəhlalanammasam
şəhlalanmaq	şəhlalanammasan
şəhlalanmaq	şəhlalanammasa
şəhlalanmaq	şəhlalanammasaq
şəhlalanmaq	şəhlalanammasanız
şəhlalanmaq	şəhlalanammasalar
şəhlalanmaq	şəhlalanammasaydım
şəhlalanmaq	şəhlalanammasaydın
şəhlalanmaq	şəhlalanammasaydı
şəhlalanmaq	şəhlalanammasaydıq
şəhlalanmaq	şəhlalanammasaydınız
şəhlalanmaq	şəhlalanammasaydılar
şəhlalanmaq	şəhlalanammayam
şəhlalanmaq	şəhlalanammayasan
şəhlalanmaq	şəhlalanammaya
şəhlalanmaq	şəhlalanammayaq
şəhlalanmaq	şəhlalanammayasınız
şəhlalanmaq	şəhlalanammayalar
şəhlalanmaq	şəhlalanammayım
şəhlalanmaq	şəhlalanamma
şəhlalanmaq	şəhlalanammasın
şəhlalanmaq	şəhlalanammayın
şəhlalanmaq	şəhlalanammasınlar
şəhərlərarası	
şən	
şərqi	
şərti	
şərəfli	
şərəfsiz	
şəxsi	
şəxslərarası	
əbədi	
əbəs	
əcaib	
əcəb	
ədalətli	
ədalətsiz	
ədib	
ədviyyəli	
ədəbi	
ədədi	
əfsanəvi	
əhli	
əhəmiyyətli	
əkinəyararlı	
əkinəyararsız	
əks	
əksər	
əla	
əlavə	
əlcəzairli	
əldəqayırma	
əldəyməmiş	
əliaçıq	
əliyalın	
əlvan	
əlverişli	
əlçatan	
əlçatmaz	
əmin	
əməkdar	
əməlli	
ənənəvi	
əqidəli	
ərazi	
ərgən	
ərincək	
ərköyün	
ərəbdilli	
əsas	
əsaslı	
əsassız	
əsil	
əski	
əskik	
əsl	
əsrarəngiz	
əsrik	
ətirli	
ətraf	
ətraflı	
əttökən	
əvvəlki	
əvəzolunmaz	
əxlaqsız	
əyan	
əyani	
əyilgən	
əyri	
əzbərçi	
əzgin	
əzilən	
əziz	
əzmkar	
